id,slug,name,year,shadow,details,prediction
1,punxsutawney-phil,Punxsutawney Phil,1886,NA,Groundhog Day first recognized in Punxsutawney by Weathers Wags.,Uncertain
1,punxsutawney-phil,Punxsutawney Phil,1887,1,First Official trek to Gobbler’s Knob. Saw Shadow.,More winter
1,punxsutawney-phil,Punxsutawney Phil,1888,1,Saw Shadow.,More winter
1,punxsutawney-phil,Punxsutawney Phil,1889,NA,No Record.,Uncertain
1,punxsutawney-phil,Punxsutawney Phil,1890,0,No Shadow.,Early spring
1,punxsutawney-phil,Punxsutawney Phil,1891,NA,No Record.,Uncertain
1,punxsutawney-phil,Punxsutawney Phil,1892,NA,No Record.,Uncertain
1,punxsutawney-phil,Punxsutawney Phil,1893,NA,No Record.,Uncertain
1,punxsutawney-phil,Punxsutawney Phil,1894,NA,No Record.,Uncertain
1,punxsutawney-phil,Punxsutawney Phil,1895,NA,No Record.,Uncertain
1,punxsutawney-phil,Punxsutawney Phil,1896,NA,No Record.,Uncertain
1,punxsutawney-phil,Punxsutawney Phil,1897,NA,No Record.,Uncertain
1,punxsutawney-phil,Punxsutawney Phil,1898,1,Saw Shadow.,More winter
1,punxsutawney-phil,Punxsutawney Phil,1899,NA,No Record. Groundhog Club founded.,Uncertain
1,punxsutawney-phil,Punxsutawney Phil,1900,1,Saw Shadow.,More winter
1,punxsutawney-phil,Punxsutawney Phil,1901,1,Saw Shadow.,More winter
1,punxsutawney-phil,Punxsutawney Phil,1902,0,Probably No Shadow.,Early spring
1,punxsutawney-phil,Punxsutawney Phil,1903,1,Saw Shadow.,More winter
1,punxsutawney-phil,Punxsutawney Phil,1904,1,Saw Shadow.,More winter
1,punxsutawney-phil,Punxsutawney Phil,1905,1,Saw Shadow.,More winter
1,punxsutawney-phil,Punxsutawney Phil,1906,1,Saw Shadow.,More winter
1,punxsutawney-phil,Punxsutawney Phil,1907,1,Saw Shadow.,More winter
1,punxsutawney-phil,Punxsutawney Phil,1908,1,Saw Shadow; First front page coverage,More winter
1,punxsutawney-phil,Punxsutawney Phil,1909,1,Saw Shadow.,More winter
1,punxsutawney-phil,Punxsutawney Phil,1910,1,Saw Shadow.,More winter
1,punxsutawney-phil,Punxsutawney Phil,1911,1,Saw Shadow; “55 couples at Groundhog Day Dance.”,More winter
1,punxsutawney-phil,Punxsutawney Phil,1912,1,Saw Shadow.,More winter
1,punxsutawney-phil,Punxsutawney Phil,1913,1,Saw Shadow at 8:80 am. First newspaper photo of Groundhog by John Frampton. A new dance “The Groundhog Roll” was demonstrated by Joe Winslow.,More winter
1,punxsutawney-phil,Punxsutawney Phil,1914,1,"Saw Shadow at 9:34 AM, Groundhog demonstrated “The Groundhog Flop”",More winter
1,punxsutawney-phil,Punxsutawney Phil,1915,1,Saw Shadow at 11:45 AM,More winter
1,punxsutawney-phil,Punxsutawney Phil,1916,1,Saw Shadow at 9:07; First films of the event. ,More winter
1,punxsutawney-phil,Punxsutawney Phil,1917,1,Saw Shadow at 9:07.,More winter
1,punxsutawney-phil,Punxsutawney Phil,1918,1,Saw Shadow; Temperature 18 below zero.,More winter
1,punxsutawney-phil,Punxsutawney Phil,1919,1,Saw Shadow.,More winter
1,punxsutawney-phil,Punxsutawney Phil,1920,1,Saw Shadow.,More winter
1,punxsutawney-phil,Punxsutawney Phil,1921,1,Saw Shadow at 7:17 AM.,More winter
1,punxsutawney-phil,Punxsutawney Phil,1922,1,Saw Shadow 7:11 AM; Groundhog Holiday Dance.,More winter
1,punxsutawney-phil,Punxsutawney Phil,1923,1,Saw Shadow.,More winter
1,punxsutawney-phil,Punxsutawney Phil,1924,1,Saw Shadow 7:13 AM; First appearance of logo with groundhog with umbrella and newspaper.,More winter
1,punxsutawney-phil,Punxsutawney Phil,1925,1,Saw Shadow 8:13 AM; CJ Margiotti gave groundhog tradition to the Pittsburgh Travel Club.,More winter
1,punxsutawney-phil,Punxsutawney Phil,1926,1,Saw Shadow at 9:17 AM.,More winter
1,punxsutawney-phil,Punxsutawney Phil,1927,1,Saw Shadow at 8:35 AM.,More winter
1,punxsutawney-phil,Punxsutawney Phil,1928,1,Saw Shadow at 10 AM; Program with Punx’y Rotary Club was on KDKA Radio.,More winter
1,punxsutawney-phil,Punxsutawney Phil,1929,1,Predicted six more weeks of winter before sunrise.,More winter
1,punxsutawney-phil,Punxsutawney Phil,1930,1,Saw Shadow at 7:11 AM.,More winter
1,punxsutawney-phil,Punxsutawney Phil,1931,1,Saw Shadow at 12:27 AM.,More winter
1,punxsutawney-phil,Punxsutawney Phil,1932,1,Saw Shadow at 9:11 AM.,More winter
1,punxsutawney-phil,Punxsutawney Phil,1933,1,Saw Shadow.,More winter
1,punxsutawney-phil,Punxsutawney Phil,1934,0,No Shadow.,Early spring
1,punxsutawney-phil,Punxsutawney Phil,1935,1,Saw Shadow at 9:11 AM.,More winter
1,punxsutawney-phil,Punxsutawney Phil,1936,1,Saw Shadow at 10:27 AM.,More winter
1,punxsutawney-phil,Punxsutawney Phil,1937,1,Saw Shadow at 9:09 AM; Unfortunate meeting with a skunk.,More winter
1,punxsutawney-phil,Punxsutawney Phil,1938,1,Saw Shadow at 9 AM; Blackest shadow in history.,More winter
1,punxsutawney-phil,Punxsutawney Phil,1939,1,Saw Shadow at 9:10 AM.,More winter
1,punxsutawney-phil,Punxsutawney Phil,1940,1,"Saw Shadow at 9 AM; Pictured with first Groundhog Day Queen, Miss Margaret Hunam.",More winter
1,punxsutawney-phil,Punxsutawney Phil,1941,1,Saw Shadow at 4:25 PM; Six Groundhog Girls.,More winter
1,punxsutawney-phil,Punxsutawney Phil,1942,1,"Partial Shadow at 7:40 AM; “War clouds have blacked out parts of the shadow.” (“The Spirit,” Feb. 2, 1942).",More winter
1,punxsutawney-phil,Punxsutawney Phil,1943,0,Groundhog didn’t make an appearance; relied on Quarryville’s prediction - NO Shadow,Early spring
1,punxsutawney-phil,Punxsutawney Phil,1944,1,Saw Shadow at 9:10 AM.,More winter
1,punxsutawney-phil,Punxsutawney Phil,1945,1,Saw Shadow at 9 AM.,More winter
1,punxsutawney-phil,Punxsutawney Phil,1946,1,Saw Shadow at 7:52 AM.,More winter
1,punxsutawney-phil,Punxsutawney Phil,1947,1,Saw Shadow at 7:37 AM; First newspaper photo of Groundhog Club members at Gobbler’s Knob.,More winter
1,punxsutawney-phil,Punxsutawney Phil,1948,1,Saw Shadow at 8:46 AM; Dr. Frank Lorenzo was interviewed on KDKA Radio’s “Brunch With Bill” program.,More winter
1,punxsutawney-phil,Punxsutawney Phil,1949,1,Saw Shadow at 7:32 AM.,More winter
1,punxsutawney-phil,Punxsutawney Phil,1950,0,"No Shadow; Colleen Townsend, actress, was in town to promote the film, “When Willie Comes Marching Home.”",Early spring
1,punxsutawney-phil,Punxsutawney Phil,1951,1,"Saw Shadow at 8:41 AM; Pictured with cheerleaders from PHS and SSCD. Betty Byers, Joan Wadding, Dorothy Armstrong and Kathleen Spinelli.",More winter
1,punxsutawney-phil,Punxsutawney Phil,1952,1,"Saw Shadow at 7:52 AM; First appearance of Frau Gourndhog, Groundhog procession and shadow. Casting was on Dave Garroway’s TV Show on NBC on Monday, February 4.",More winter
1,punxsutawney-phil,Punxsutawney Phil,1953,1,Saw Shadow at 7:38 AM; First year with Sam Light as Groundhog Club president; First Man-of-the-Year Award goes to Ben Levy.,More winter
1,punxsutawney-phil,Punxsutawney Phil,1954,1,Saw Shadow at 8:03 AM; The groundhog was turned completely white from worry.,More winter
1,punxsutawney-phil,Punxsutawney Phil,1955,1,Saw Shadow at 8:51 AM; 4-inch snowfall on Groundhog Day; Coverage on three TV stations.,More winter
1,punxsutawney-phil,Punxsutawney Phil,1956,1,Saw Shadow 8:33 AM.,More winter
1,punxsutawney-phil,Punxsutawney Phil,1957,1,Saw Shadow 7:47 AM.,More winter
1,punxsutawney-phil,Punxsutawney Phil,1958,1,Saw Shadow at 8:27 AM; Prepared for blast-off in his “Chucknik” spacecraft; First Woman-of-the-Year Award was given to Mrs. Louis (Olive) Woodring.,More winter
1,punxsutawney-phil,Punxsutawney Phil,1959,1,Saw Shadow at 8:23 AM; Announces that he has returned from a successful trip to the moon.,More winter
1,punxsutawney-phil,Punxsutawney Phil,1960,1,"Saw Shadow at 7:33 AM, forecasts extremely bad weather; appearance on the “Today” show.",More winter
1,punxsutawney-phil,Punxsutawney Phil,1961,1,Saw Shadow at 7:41 AM; 25 below zero.,More winter
1,punxsutawney-phil,Punxsutawney Phil,1962,1,Saw Shadow at 7:29 AM; Just returned from second trip to the moon.,More winter
1,punxsutawney-phil,Punxsutawney Phil,1963,1,Saw Shadow at 7:41 AM; Unusually dark shadow,More winter
1,punxsutawney-phil,Punxsutawney Phil,1964,1,Saw Shadow.,More winter
1,punxsutawney-phil,Punxsutawney Phil,1965,1,Saw Shadow shortly before 8 AM.,More winter
1,punxsutawney-phil,Punxsutawney Phil,1966,1,Saw Shadow at 7:21 AM.,More winter
1,punxsutawney-phil,Punxsutawney Phil,1967,1,Saw Shadow 7:25 AM.,More winter
1,punxsutawney-phil,Punxsutawney Phil,1968,1,Saw Shadow 7:29 AM.,More winter
1,punxsutawney-phil,Punxsutawney Phil,1969,1,Saw Shadow 7:29 AM.,More winter
1,punxsutawney-phil,Punxsutawney Phil,1970,0,No Shadow.,Early spring
1,punxsutawney-phil,Punxsutawney Phil,1971,1,Saw Shadow at 7:29 AM; 14 below zero.,More winter
1,punxsutawney-phil,Punxsutawney Phil,1972,1,Saw Shadow 7:30 AM.,More winter
1,punxsutawney-phil,Punxsutawney Phil,1973,1,Saw Shadow 7:29 AM.,More winter
1,punxsutawney-phil,Punxsutawney Phil,1974,1,Saw Shadow 8:28 AM.,More winter
1,punxsutawney-phil,Punxsutawney Phil,1975,0,No Shadow; Declared at 7:31 AM.,Early spring
1,punxsutawney-phil,Punxsutawney Phil,1976,1,Saw Shadow at 7:29 AM.,More winter
1,punxsutawney-phil,Punxsutawney Phil,1977,1,Saw Shadow at 7:27; In midst of energy crisis.,More winter
1,punxsutawney-phil,Punxsutawney Phil,1978,1,Saw Shadow at 7:28 AM.,More winter
1,punxsutawney-phil,Punxsutawney Phil,1979,1,Saw Shadow at 7:28 AM.,More winter
1,punxsutawney-phil,Punxsutawney Phil,1980,1,Saw Shadow at 7:29 AM.,More winter
1,punxsutawney-phil,Punxsutawney Phil,1981,1,Saw Shadow at 7:27 AM.,More winter
1,punxsutawney-phil,Punxsutawney Phil,1982,1,Saw Shadow 7:26 AM; After coldest January in more than a century.,More winter
1,punxsutawney-phil,Punxsutawney Phil,1983,0,"No Shadow; Peered over at 7:29 AM, but saw no shadow; predicted an early spring after a mild winter.",Early spring
1,punxsutawney-phil,Punxsutawney Phil,1984,1,Saw Shadow shortly after 7 AM.,More winter
1,punxsutawney-phil,Punxsutawney Phil,1985,1,Saw Shadow at 7:28 AM.,More winter
1,punxsutawney-phil,Punxsutawney Phil,1986,0,No Shadow! Visited President Reagan at the White House in March.,Early spring
1,punxsutawney-phil,Punxsutawney Phil,1987,1,Saw Shadow 7:29 AM.,More winter
1,punxsutawney-phil,Punxsutawney Phil,1988,0,No Shadow.,Early spring
1,punxsutawney-phil,Punxsutawney Phil,1989,1,Saw Shadow.,More winter
1,punxsutawney-phil,Punxsutawney Phil,1990,0,No Shadow.,Early spring
1,punxsutawney-phil,Punxsutawney Phil,1991,1,Saw Shadow.,More winter
1,punxsutawney-phil,Punxsutawney Phil,1992,1,Saw Shadow.,More winter
1,punxsutawney-phil,Punxsutawney Phil,1993,1,Saw Shadow. “Groundhog Day” The movie with Bill Murray was released in time for PHIL’S Predition.,More winter
1,punxsutawney-phil,Punxsutawney Phil,1994,1,Saw Shadow 7:28 AM.,More winter
1,punxsutawney-phil,Punxsutawney Phil,1995,0,No Shadow; Guested on the Oprah Winfrey TV Show and made new fans.,Early spring
1,punxsutawney-phil,Punxsutawney Phil,1996,1,Saw Shadow 7:21; So cold he dug deep to make his prediction.,More winter
1,punxsutawney-phil,Punxsutawney Phil,1997,0,"No Shadow 7:25AM. Made his 110th prediction. Largest crowd the Knob has seen 35,000 people",Early spring
1,punxsutawney-phil,Punxsutawney Phil,1998,1,Saw Shadow 7:20AM; Six more weeks of “El Nino” Winter.,More winter
1,punxsutawney-phil,Punxsutawney Phil,1999,0,"Over 15,000 people celebrated as Phil saw no shadow at 7:23 AM and predicted and early spring",Early spring
1,punxsutawney-phil,Punxsutawney Phil,2000,1,It was the dawn of a new “Phillenium” and 12-degrees at Gobbler’s Knob when Phil saw his shadow at 7:28 AM.,More winter
1,punxsutawney-phil,Punxsutawney Phil,2001,1,Phil’s prediction of 6 more weeks of winter weather was displayed on the Astrovision in New York’s Time Square.,More winter
1,punxsutawney-phil,Punxsutawney Phil,2002,1,"Phil saw his shadow at the largest event in 116 year history with estimated 30,000 people celebrating 02/02/02",More winter
1,punxsutawney-phil,Punxsutawney Phil,2003,1,Phil saw his shadow at 7:25 AM as Pennsylvania’s newly elected Governor Ed Rendell looked on from Gobbler’s Knob.,More winter
1,punxsutawney-phil,Punxsutawney Phil,2004,1,Phil saw his shadow at 7:27 in 8 degree weather. Event was webcast live on www.groundhog.org,More winter
1,punxsutawney-phil,Punxsutawney Phil,2005,1,"The sky was clear as Phil saw his shadow before an enthusiastic crowd of 10-18,000. The time was 7:31 a.m. It was Phil’s 119th prediction.",More winter
1,punxsutawney-phil,Punxsutawney Phil,2006,1,Phil saw his shadow while wearing his Steeler “Terrible Towel” at 7:25 a.m. The temperature was a balmy 38 degrees.,More winter
1,punxsutawney-phil,Punxsutawney Phil,2007,0,No Shadow- Early Spring It was a cloudy morning with light snow flurries when Phil emerged from his burrow at about 7:26 a.m. and did not see his shadow.,Early spring
1,punxsutawney-phil,Punxsutawney Phil,2008,1,"At 7:28 a.m., 29°, Phil Saw his Shadow.",More winter
1,punxsutawney-phil,Punxsutawney Phil,2009,1,At 7:26 a.m. Phil saw his shadow and Inner Circle President Bill Cooper completed his final interpretation and retired at Gobbler’s Knob.,More winter
1,punxsutawney-phil,Punxsutawney Phil,2010,1,The temperature was 12°. Saw Shadow- Six More Weeks of Winter,More winter
1,punxsutawney-phil,Punxsutawney Phil,2011,0,"No Shadow- Early Spring With rain over head, Phil made his prediction.",Early spring
1,punxsutawney-phil,Punxsutawney Phil,2012,1,Six More Weeks of Winter The skies slightly overcast and a temperate of 30°. Phil saw his shadow!,More winter
1,punxsutawney-phil,Punxsutawney Phil,2013,0,No Shadow- Early Spring A Balmy 7° Phil made his prediction at 7:25 a.m.,Early spring
1,punxsutawney-phil,Punxsutawney Phil,2014,1,"Six More Weeks of Winter With fog in site, Phil made his prediction at 7:26 a.m.",More winter
1,punxsutawney-phil,Punxsutawney Phil,2015,1,Six More Weeks of Winter Was the prediction of Phil. The morning was filled with freezing rain. Phil emerged from his burrow at 7:26 a.m.,More winter
1,punxsutawney-phil,Punxsutawney Phil,2016,0,No Shadow- Early Spring It was 28° at Gobbler’s Knob. Phil made his perdition of an Early Spring at 7:25 a.m.,Early spring
1,punxsutawney-phil,Punxsutawney Phil,2017,1,"7:25 a.m. Saw His Shadow, Six More Weeks of Winter! There were a few snow flurries during the prognostication.",More winter
1,punxsutawney-phil,Punxsutawney Phil,2018,1,"At 7:25 a.m. with 18,000 Phil Phans present, Phil saw his shadow! Six More Weeks of Winter!",More winter
1,punxsutawney-phil,Punxsutawney Phil,2019,0,NO Shadow at 7:28 AM; 14º fog & mist with -1º Wind Chill.,Early spring
1,punxsutawney-phil,Punxsutawney Phil,2020,0,NO Shadow at 7:26 AM; 30º with light snow falling.,Early spring
1,punxsutawney-phil,Punxsutawney Phil,2021,1,Shadow at 7:25 AM; 19º with light snow. Coronavirus fear prohibits crowds on Gobbler’s Knob.,More winter
1,punxsutawney-phil,Punxsutawney Phil,2022,1,Shadow at 7:27 AM; 27º with clear skies. A loyal crowd of thousands returned to Gobbler’s Knob.,More winter
1,punxsutawney-phil,Punxsutawney Phil,2023,1,Shadow at 7:24 AM; 13º with clear skies. PA Governor Josh Shapiro attends. Thousands of Eagles Super Bowl LVII fans help celebrate Phil’s big day at the Knob.,More winter
1,punxsutawney-phil,Punxsutawney Phil,2024,0,"NO Shadow at 7:26 AM; 36º with overcast skies. Miranda Moore, 2023 Miss Pennsylvania was the special guest of the Inner Circle at the Knob.",Early spring
1,punxsutawney-phil,Punxsutawney Phil,2025,1,Shadow at 7:25 AM; 18º with clear skies. Thousands of Eagles Super Bowl LIX fans help celebrate Phil’s forecast. PETA suggests Phil be retired and replaced with “a delicious vegan weather reveal cake.”,More winter
1,punxsutawney-phil,Punxsutawney Phil,2026,1,"Shadow at 7:27 AM; 7º with overcast skies. Victoria Vespico, Miss Pennsylvania 2025, was the guest of honor of the Inner Circle at the Knob. PETA recommends Phil be retired and replaced with “a giant 3D Hologram projection.”",More winter
2,octoraro-orphie,Octoraro Orphie,1926,1,,More winter
2,octoraro-orphie,Octoraro Orphie,1927,NA,,Uncertain
2,octoraro-orphie,Octoraro Orphie,1928,NA,,Uncertain
2,octoraro-orphie,Octoraro Orphie,1929,1,,More winter
2,octoraro-orphie,Octoraro Orphie,1930,NA,,Uncertain
2,octoraro-orphie,Octoraro Orphie,1931,1,,More winter
2,octoraro-orphie,Octoraro Orphie,1932,1,,More winter
2,octoraro-orphie,Octoraro Orphie,1933,1,,More winter
2,octoraro-orphie,Octoraro Orphie,1934,1,,More winter
2,octoraro-orphie,Octoraro Orphie,1935,1,,More winter
2,octoraro-orphie,Octoraro Orphie,1936,1,,More winter
2,octoraro-orphie,Octoraro Orphie,1937,1,,More winter
2,octoraro-orphie,Octoraro Orphie,1938,1,,More winter
2,octoraro-orphie,Octoraro Orphie,1939,0,,Early spring
2,octoraro-orphie,Octoraro Orphie,1940,1,,More winter
2,octoraro-orphie,Octoraro Orphie,1941,1,,More winter
2,octoraro-orphie,Octoraro Orphie,1942,1,,More winter
2,octoraro-orphie,Octoraro Orphie,1943,NA,,Uncertain
2,octoraro-orphie,Octoraro Orphie,1944,1,,More winter
2,octoraro-orphie,Octoraro Orphie,1945,1,,More winter
2,octoraro-orphie,Octoraro Orphie,1946,1,,More winter
2,octoraro-orphie,Octoraro Orphie,1947,1,,More winter
2,octoraro-orphie,Octoraro Orphie,1948,1,,More winter
2,octoraro-orphie,Octoraro Orphie,1949,1,,More winter
2,octoraro-orphie,Octoraro Orphie,1950,1,,More winter
2,octoraro-orphie,Octoraro Orphie,1951,1,,More winter
2,octoraro-orphie,Octoraro Orphie,1952,1,,More winter
2,octoraro-orphie,Octoraro Orphie,1953,1,,More winter
2,octoraro-orphie,Octoraro Orphie,1954,1,,More winter
2,octoraro-orphie,Octoraro Orphie,1955,1,,More winter
2,octoraro-orphie,Octoraro Orphie,1956,1,,More winter
2,octoraro-orphie,Octoraro Orphie,1957,1,,More winter
2,octoraro-orphie,Octoraro Orphie,1958,1,,More winter
2,octoraro-orphie,Octoraro Orphie,1959,1,,More winter
2,octoraro-orphie,Octoraro Orphie,1960,1,,More winter
2,octoraro-orphie,Octoraro Orphie,1961,1,,More winter
2,octoraro-orphie,Octoraro Orphie,1962,1,,More winter
2,octoraro-orphie,Octoraro Orphie,1963,1,,More winter
2,octoraro-orphie,Octoraro Orphie,1964,1,,More winter
2,octoraro-orphie,Octoraro Orphie,1965,1,,More winter
2,octoraro-orphie,Octoraro Orphie,1966,1,,More winter
2,octoraro-orphie,Octoraro Orphie,1967,1,,More winter
2,octoraro-orphie,Octoraro Orphie,1968,0,,Early spring
2,octoraro-orphie,Octoraro Orphie,1969,1,,More winter
2,octoraro-orphie,Octoraro Orphie,1970,1,,More winter
2,octoraro-orphie,Octoraro Orphie,1971,1,,More winter
2,octoraro-orphie,Octoraro Orphie,1972,0,,Early spring
2,octoraro-orphie,Octoraro Orphie,1973,0,,Early spring
2,octoraro-orphie,Octoraro Orphie,1974,1,,More winter
2,octoraro-orphie,Octoraro Orphie,1975,0,,Early spring
2,octoraro-orphie,Octoraro Orphie,1976,NA,,Uncertain
2,octoraro-orphie,Octoraro Orphie,1977,1,,More winter
2,octoraro-orphie,Octoraro Orphie,1978,1,,More winter
2,octoraro-orphie,Octoraro Orphie,1979,1,,More winter
2,octoraro-orphie,Octoraro Orphie,1980,1,,More winter
2,octoraro-orphie,Octoraro Orphie,1981,0,,Early spring
2,octoraro-orphie,Octoraro Orphie,1982,1,,More winter
2,octoraro-orphie,Octoraro Orphie,1983,0,,Early spring
2,octoraro-orphie,Octoraro Orphie,1984,1,,More winter
2,octoraro-orphie,Octoraro Orphie,1985,0,,Early spring
2,octoraro-orphie,Octoraro Orphie,1986,1,,More winter
2,octoraro-orphie,Octoraro Orphie,1987,1,,More winter
2,octoraro-orphie,Octoraro Orphie,1988,1,,More winter
2,octoraro-orphie,Octoraro Orphie,1989,1,,More winter
2,octoraro-orphie,Octoraro Orphie,1990,0,,Early spring
2,octoraro-orphie,Octoraro Orphie,1991,1,,More winter
2,octoraro-orphie,Octoraro Orphie,1992,1,,More winter
2,octoraro-orphie,Octoraro Orphie,1993,1,,More winter
2,octoraro-orphie,Octoraro Orphie,1994,NA,,Uncertain
2,octoraro-orphie,Octoraro Orphie,1995,1,,More winter
2,octoraro-orphie,Octoraro Orphie,1996,0,,Early spring
2,octoraro-orphie,Octoraro Orphie,1997,1,,More winter
2,octoraro-orphie,Octoraro Orphie,1998,1,,More winter
2,octoraro-orphie,Octoraro Orphie,1999,0,,Early spring
2,octoraro-orphie,Octoraro Orphie,2000,1,,More winter
2,octoraro-orphie,Octoraro Orphie,2001,1,,More winter
2,octoraro-orphie,Octoraro Orphie,2002,1,,More winter
2,octoraro-orphie,Octoraro Orphie,2003,1,,More winter
2,octoraro-orphie,Octoraro Orphie,2004,1,,More winter
2,octoraro-orphie,Octoraro Orphie,2005,1,,More winter
2,octoraro-orphie,Octoraro Orphie,2006,1,,More winter
2,octoraro-orphie,Octoraro Orphie,2007,1,,More winter
2,octoraro-orphie,Octoraro Orphie,2008,1,,More winter
2,octoraro-orphie,Octoraro Orphie,2009,1,,More winter
2,octoraro-orphie,Octoraro Orphie,2010,0,,Early spring
2,octoraro-orphie,Octoraro Orphie,2011,1,,More winter
2,octoraro-orphie,Octoraro Orphie,2012,0,,Early spring
2,octoraro-orphie,Octoraro Orphie,2013,1,,More winter
2,octoraro-orphie,Octoraro Orphie,2014,1,,More winter
2,octoraro-orphie,Octoraro Orphie,2015,0,,Early spring
2,octoraro-orphie,Octoraro Orphie,2016,0,,Early spring
2,octoraro-orphie,Octoraro Orphie,2017,1,,More winter
2,octoraro-orphie,Octoraro Orphie,2018,0,,Early spring
2,octoraro-orphie,Octoraro Orphie,2019,1,,More winter
2,octoraro-orphie,Octoraro Orphie,2020,0,,Early spring
2,octoraro-orphie,Octoraro Orphie,2021,NA,,Uncertain
2,octoraro-orphie,Octoraro Orphie,2022,0,,Early spring
2,octoraro-orphie,Octoraro Orphie,2023,0,,Early spring
2,octoraro-orphie,Octoraro Orphie,2024,1,,More winter
2,octoraro-orphie,Octoraro Orphie,2025,0,,Early spring
2,octoraro-orphie,Octoraro Orphie,2026,1,,More winter
4,jimmy-the-groundhog,Jimmy the Groundhog,1969,1,,More winter
4,jimmy-the-groundhog,Jimmy the Groundhog,1970,0,,Early spring
4,jimmy-the-groundhog,Jimmy the Groundhog,1971,1,,More winter
4,jimmy-the-groundhog,Jimmy the Groundhog,1972,0,,Early spring
4,jimmy-the-groundhog,Jimmy the Groundhog,1973,0,,Early spring
4,jimmy-the-groundhog,Jimmy the Groundhog,1974,0,,Early spring
4,jimmy-the-groundhog,Jimmy the Groundhog,1975,1,,More winter
4,jimmy-the-groundhog,Jimmy the Groundhog,1976,1,,More winter
4,jimmy-the-groundhog,Jimmy the Groundhog,1977,0,,Early spring
4,jimmy-the-groundhog,Jimmy the Groundhog,1978,1,,More winter
4,jimmy-the-groundhog,Jimmy the Groundhog,1979,0,,Early spring
4,jimmy-the-groundhog,Jimmy the Groundhog,1980,1,,More winter
4,jimmy-the-groundhog,Jimmy the Groundhog,1981,1,,More winter
4,jimmy-the-groundhog,Jimmy the Groundhog,1982,0,,Early spring
4,jimmy-the-groundhog,Jimmy the Groundhog,1983,0,,Early spring
4,jimmy-the-groundhog,Jimmy the Groundhog,1984,0,,Early spring
4,jimmy-the-groundhog,Jimmy the Groundhog,1985,1,,More winter
4,jimmy-the-groundhog,Jimmy the Groundhog,1986,0,,Early spring
4,jimmy-the-groundhog,Jimmy the Groundhog,1987,0,,Early spring
4,jimmy-the-groundhog,Jimmy the Groundhog,1988,1,,More winter
4,jimmy-the-groundhog,Jimmy the Groundhog,1989,0,,Early spring
4,jimmy-the-groundhog,Jimmy the Groundhog,1990,0,,Early spring
4,jimmy-the-groundhog,Jimmy the Groundhog,1991,1,,More winter
4,jimmy-the-groundhog,Jimmy the Groundhog,1992,1,,More winter
4,jimmy-the-groundhog,Jimmy the Groundhog,1993,1,,More winter
4,jimmy-the-groundhog,Jimmy the Groundhog,1994,0,,Early spring
4,jimmy-the-groundhog,Jimmy the Groundhog,1995,0,,Early spring
4,jimmy-the-groundhog,Jimmy the Groundhog,1996,1,,More winter
4,jimmy-the-groundhog,Jimmy the Groundhog,1997,0,,Early spring
4,jimmy-the-groundhog,Jimmy the Groundhog,1998,1,,More winter
4,jimmy-the-groundhog,Jimmy the Groundhog,1999,0,,Early spring
4,jimmy-the-groundhog,Jimmy the Groundhog,2000,0,,Early spring
4,jimmy-the-groundhog,Jimmy the Groundhog,2001,1,,More winter
4,jimmy-the-groundhog,Jimmy the Groundhog,2002,1,,More winter
4,jimmy-the-groundhog,Jimmy the Groundhog,2003,0,,Early spring
4,jimmy-the-groundhog,Jimmy the Groundhog,2004,0,,Early spring
4,jimmy-the-groundhog,Jimmy the Groundhog,2005,0,,Early spring
4,jimmy-the-groundhog,Jimmy the Groundhog,2006,0,,Early spring
4,jimmy-the-groundhog,Jimmy the Groundhog,2007,1,,More winter
4,jimmy-the-groundhog,Jimmy the Groundhog,2008,0,,Early spring
4,jimmy-the-groundhog,Jimmy the Groundhog,2009,1,,More winter
4,jimmy-the-groundhog,Jimmy the Groundhog,2010,0,,Early spring
4,jimmy-the-groundhog,Jimmy the Groundhog,2011,0,,Early spring
4,jimmy-the-groundhog,Jimmy the Groundhog,2012,0,,Early spring
4,jimmy-the-groundhog,Jimmy the Groundhog,2013,0,,Early spring
4,jimmy-the-groundhog,Jimmy the Groundhog,2014,1,,More winter
4,jimmy-the-groundhog,Jimmy the Groundhog,2015,0,,Early spring
4,jimmy-the-groundhog,Jimmy the Groundhog,2016,0,,Early spring
4,jimmy-the-groundhog,Jimmy the Groundhog,2017,1,,More winter
4,jimmy-the-groundhog,Jimmy the Groundhog,2018,1,,More winter
4,jimmy-the-groundhog,Jimmy the Groundhog,2019,0,,Early spring
4,jimmy-the-groundhog,Jimmy the Groundhog,2020,1,,More winter
4,jimmy-the-groundhog,Jimmy the Groundhog,2021,0,,Early spring
4,jimmy-the-groundhog,Jimmy the Groundhog,2022,0,,Early spring
4,jimmy-the-groundhog,Jimmy the Groundhog,2023,1,,More winter
4,jimmy-the-groundhog,Jimmy the Groundhog,2024,0,,Early spring
4,jimmy-the-groundhog,Jimmy the Groundhog,2025,0,,Early spring
4,jimmy-the-groundhog,Jimmy the Groundhog,2026,0,,Early spring
5,concord-charlie,Concord Charlie,1979,1,,More winter
5,concord-charlie,Concord Charlie,1980,0,,Early spring
5,concord-charlie,Concord Charlie,1981,0,,Early spring
5,concord-charlie,Concord Charlie,1982,0,,Early spring
5,concord-charlie,Concord Charlie,1983,0,,Early spring
5,concord-charlie,Concord Charlie,1984,1,,More winter
5,concord-charlie,Concord Charlie,1985,0,,Early spring
5,concord-charlie,Concord Charlie,1986,0,,Early spring
5,concord-charlie,Concord Charlie,1987,0,,Early spring
5,concord-charlie,Concord Charlie,1988,1,,More winter
5,concord-charlie,Concord Charlie,1989,0,,Early spring
5,concord-charlie,Concord Charlie,1990,0,,Early spring
5,concord-charlie,Concord Charlie,1991,1,,More winter
5,concord-charlie,Concord Charlie,1992,1,,More winter
5,concord-charlie,Concord Charlie,1993,0,,Early spring
5,concord-charlie,Concord Charlie,1994,0,,Early spring
5,concord-charlie,Concord Charlie,1995,1,,More winter
5,concord-charlie,Concord Charlie,1996,0,,Early spring
5,concord-charlie,Concord Charlie,1997,1,,More winter
5,concord-charlie,Concord Charlie,1998,1,,More winter
5,concord-charlie,Concord Charlie,1999,0,,Early spring
5,concord-charlie,Concord Charlie,2000,0,,Early spring
5,concord-charlie,Concord Charlie,2001,1,,More winter
5,concord-charlie,Concord Charlie,2002,0,,Early spring
5,concord-charlie,Concord Charlie,2003,1,,More winter
5,concord-charlie,Concord Charlie,2004,1,,More winter
5,concord-charlie,Concord Charlie,2005,1,,More winter
5,concord-charlie,Concord Charlie,2006,1,,More winter
5,concord-charlie,Concord Charlie,2007,0,,Early spring
5,concord-charlie,Concord Charlie,2008,1,,More winter
5,concord-charlie,Concord Charlie,2009,1,,More winter
5,concord-charlie,Concord Charlie,2010,0,,Early spring
5,concord-charlie,Concord Charlie,2011,0,,Early spring
5,concord-charlie,Concord Charlie,2012,0,,Early spring
5,concord-charlie,Concord Charlie,2013,1,,More winter
5,concord-charlie,Concord Charlie,2014,1,,More winter
5,concord-charlie,Concord Charlie,2015,0,,Early spring
5,concord-charlie,Concord Charlie,2016,0,,Early spring
5,concord-charlie,Concord Charlie,2017,0,,Early spring
5,concord-charlie,Concord Charlie,2018,0,,Early spring
5,concord-charlie,Concord Charlie,2019,0,,Early spring
5,concord-charlie,Concord Charlie,2020,1,,More winter
5,concord-charlie,Concord Charlie,2021,0,,Early spring
5,concord-charlie,Concord Charlie,2022,0,,Early spring
5,concord-charlie,Concord Charlie,2023,0,,Early spring
5,concord-charlie,Concord Charlie,2024,0,,Early spring
5,concord-charlie,Concord Charlie,2025,0,,Early spring
5,concord-charlie,Concord Charlie,2026,0,,Early spring
6,buckeye-chuck,Buckeye Chuck,1980,0,,Early spring
6,buckeye-chuck,Buckeye Chuck,1981,0,,Early spring
6,buckeye-chuck,Buckeye Chuck,1982,NA,,Uncertain
6,buckeye-chuck,Buckeye Chuck,1983,0,,Early spring
6,buckeye-chuck,Buckeye Chuck,1984,1,,More winter
6,buckeye-chuck,Buckeye Chuck,1985,NA,,Uncertain
6,buckeye-chuck,Buckeye Chuck,1986,0,,Early spring
6,buckeye-chuck,Buckeye Chuck,1987,0,,Early spring
6,buckeye-chuck,Buckeye Chuck,1988,0,,Early spring
6,buckeye-chuck,Buckeye Chuck,1989,0,,Early spring
6,buckeye-chuck,Buckeye Chuck,1990,0,,Early spring
6,buckeye-chuck,Buckeye Chuck,1991,0,,Early spring
6,buckeye-chuck,Buckeye Chuck,1992,NA,,Uncertain
6,buckeye-chuck,Buckeye Chuck,1993,1,,More winter
6,buckeye-chuck,Buckeye Chuck,1994,1,,More winter
6,buckeye-chuck,Buckeye Chuck,1995,NA,,Uncertain
6,buckeye-chuck,Buckeye Chuck,1996,0,,Early spring
6,buckeye-chuck,Buckeye Chuck,1997,0,,Early spring
6,buckeye-chuck,Buckeye Chuck,1998,0,,Early spring
6,buckeye-chuck,Buckeye Chuck,1999,0,,Early spring
6,buckeye-chuck,Buckeye Chuck,2000,0,,Early spring
6,buckeye-chuck,Buckeye Chuck,2001,0,,Early spring
6,buckeye-chuck,Buckeye Chuck,2002,1,,More winter
6,buckeye-chuck,Buckeye Chuck,2003,0,,Early spring
6,buckeye-chuck,Buckeye Chuck,2004,1,,More winter
6,buckeye-chuck,Buckeye Chuck,2005,1,,More winter
6,buckeye-chuck,Buckeye Chuck,2006,1,,More winter
6,buckeye-chuck,Buckeye Chuck,2007,0,,Early spring
6,buckeye-chuck,Buckeye Chuck,2008,0,,Early spring
6,buckeye-chuck,Buckeye Chuck,2009,1,,More winter
6,buckeye-chuck,Buckeye Chuck,2010,0,,Early spring
6,buckeye-chuck,Buckeye Chuck,2011,0,,Early spring
6,buckeye-chuck,Buckeye Chuck,2012,0,,Early spring
6,buckeye-chuck,Buckeye Chuck,2013,0,,Early spring
6,buckeye-chuck,Buckeye Chuck,2014,0,,Early spring
6,buckeye-chuck,Buckeye Chuck,2015,0,,Early spring
6,buckeye-chuck,Buckeye Chuck,2016,1,,More winter
6,buckeye-chuck,Buckeye Chuck,2017,1,,More winter
6,buckeye-chuck,Buckeye Chuck,2018,1,,More winter
6,buckeye-chuck,Buckeye Chuck,2019,0,,Early spring
6,buckeye-chuck,Buckeye Chuck,2020,0,,Early spring
6,buckeye-chuck,Buckeye Chuck,2021,0,,Early spring
6,buckeye-chuck,Buckeye Chuck,2022,0,,Early spring
6,buckeye-chuck,Buckeye Chuck,2023,1,,More winter
6,buckeye-chuck,Buckeye Chuck,2024,0,,Early spring
6,buckeye-chuck,Buckeye Chuck,2025,0,,Early spring
6,buckeye-chuck,Buckeye Chuck,2026,0,,Early spring
7,general-beauregard-lee,General Beauregard Lee,1982,0,,Early spring
7,general-beauregard-lee,General Beauregard Lee,1983,0,,Early spring
7,general-beauregard-lee,General Beauregard Lee,1984,0,,Early spring
7,general-beauregard-lee,General Beauregard Lee,1985,0,,Early spring
7,general-beauregard-lee,General Beauregard Lee,1986,0,,Early spring
7,general-beauregard-lee,General Beauregard Lee,1987,0,,Early spring
7,general-beauregard-lee,General Beauregard Lee,1988,0,,Early spring
7,general-beauregard-lee,General Beauregard Lee,1989,0,,Early spring
7,general-beauregard-lee,General Beauregard Lee,1990,0,,Early spring
7,general-beauregard-lee,General Beauregard Lee,1991,NA,,Uncertain
7,general-beauregard-lee,General Beauregard Lee,1992,0,,Early spring
7,general-beauregard-lee,General Beauregard Lee,1993,0,,Early spring
7,general-beauregard-lee,General Beauregard Lee,1994,0,,Early spring
7,general-beauregard-lee,General Beauregard Lee,1995,0,,Early spring
7,general-beauregard-lee,General Beauregard Lee,1996,NA,,Uncertain
7,general-beauregard-lee,General Beauregard Lee,1997,0,,Early spring
7,general-beauregard-lee,General Beauregard Lee,1998,0,,Early spring
7,general-beauregard-lee,General Beauregard Lee,1999,0,,Early spring
7,general-beauregard-lee,General Beauregard Lee,2000,0,,Early spring
7,general-beauregard-lee,General Beauregard Lee,2001,0,,Early spring
7,general-beauregard-lee,General Beauregard Lee,2002,0,,Early spring
7,general-beauregard-lee,General Beauregard Lee,2003,0,,Early spring
7,general-beauregard-lee,General Beauregard Lee,2004,0,,Early spring
7,general-beauregard-lee,General Beauregard Lee,2005,0,,Early spring
7,general-beauregard-lee,General Beauregard Lee,2006,0,,Early spring
7,general-beauregard-lee,General Beauregard Lee,2007,0,,Early spring
7,general-beauregard-lee,General Beauregard Lee,2008,0,,Early spring
7,general-beauregard-lee,General Beauregard Lee,2009,0,,Early spring
7,general-beauregard-lee,General Beauregard Lee,2010,0,,Early spring
7,general-beauregard-lee,General Beauregard Lee,2011,0,,Early spring
7,general-beauregard-lee,General Beauregard Lee,2012,0,,Early spring
7,general-beauregard-lee,General Beauregard Lee,2013,1,,More winter
7,general-beauregard-lee,General Beauregard Lee,2014,0,,Early spring
7,general-beauregard-lee,General Beauregard Lee,2015,0,,Early spring
7,general-beauregard-lee,General Beauregard Lee,2016,0,,Early spring
7,general-beauregard-lee,General Beauregard Lee,2017,0,,Early spring
7,general-beauregard-lee,General Beauregard Lee,2018,1,,More winter
7,general-beauregard-lee,General Beauregard Lee,2019,1,,More winter
7,general-beauregard-lee,General Beauregard Lee,2020,1,,More winter
7,general-beauregard-lee,General Beauregard Lee,2021,0,,Early spring
7,general-beauregard-lee,General Beauregard Lee,2022,0,,Early spring
7,general-beauregard-lee,General Beauregard Lee,2023,0,,Early spring
7,general-beauregard-lee,General Beauregard Lee,2024,0,,Early spring
7,general-beauregard-lee,General Beauregard Lee,2025,1,,More winter
7,general-beauregard-lee,General Beauregard Lee,2026,1,,More winter
8,french-creek-freddie,French Creek Freddie,1980,0,,Early spring
8,french-creek-freddie,French Creek Freddie,1981,NA,,Uncertain
8,french-creek-freddie,French Creek Freddie,1982,NA,,Uncertain
8,french-creek-freddie,French Creek Freddie,1983,0,,Early spring
8,french-creek-freddie,French Creek Freddie,1984,NA,,Uncertain
8,french-creek-freddie,French Creek Freddie,1985,NA,,Uncertain
8,french-creek-freddie,French Creek Freddie,1986,NA,,Uncertain
8,french-creek-freddie,French Creek Freddie,1987,NA,,Uncertain
8,french-creek-freddie,French Creek Freddie,1988,0,,Early spring
8,french-creek-freddie,French Creek Freddie,1989,0,,Early spring
8,french-creek-freddie,French Creek Freddie,1990,0,,Early spring
8,french-creek-freddie,French Creek Freddie,1991,NA,,Uncertain
8,french-creek-freddie,French Creek Freddie,1992,NA,,Uncertain
8,french-creek-freddie,French Creek Freddie,1993,1,,More winter
8,french-creek-freddie,French Creek Freddie,1994,1,,More winter
8,french-creek-freddie,French Creek Freddie,1995,0,,Early spring
8,french-creek-freddie,French Creek Freddie,1996,NA,,Uncertain
8,french-creek-freddie,French Creek Freddie,1997,0,,Early spring
8,french-creek-freddie,French Creek Freddie,1998,1,,More winter
8,french-creek-freddie,French Creek Freddie,1999,0,,Early spring
8,french-creek-freddie,French Creek Freddie,2000,1,,More winter
8,french-creek-freddie,French Creek Freddie,2001,0,,Early spring
8,french-creek-freddie,French Creek Freddie,2002,0,,Early spring
8,french-creek-freddie,French Creek Freddie,2003,0,,Early spring
8,french-creek-freddie,French Creek Freddie,2004,1,,More winter
8,french-creek-freddie,French Creek Freddie,2005,1,,More winter
8,french-creek-freddie,French Creek Freddie,2006,0,,Early spring
8,french-creek-freddie,French Creek Freddie,2007,0,,Early spring
8,french-creek-freddie,French Creek Freddie,2008,1,,More winter
8,french-creek-freddie,French Creek Freddie,2009,0,,Early spring
8,french-creek-freddie,French Creek Freddie,2010,0,,Early spring
8,french-creek-freddie,French Creek Freddie,2011,0,,Early spring
8,french-creek-freddie,French Creek Freddie,2012,0,,Early spring
8,french-creek-freddie,French Creek Freddie,2013,0,,Early spring
8,french-creek-freddie,French Creek Freddie,2014,0,,Early spring
8,french-creek-freddie,French Creek Freddie,2015,0,,Early spring
8,french-creek-freddie,French Creek Freddie,2016,1,,More winter
8,french-creek-freddie,French Creek Freddie,2017,1,,More winter
8,french-creek-freddie,French Creek Freddie,2018,1,,More winter
8,french-creek-freddie,French Creek Freddie,2019,1,,More winter
8,french-creek-freddie,French Creek Freddie,2020,0,,Early spring
8,french-creek-freddie,French Creek Freddie,2021,0,,Early spring
8,french-creek-freddie,French Creek Freddie,2022,1,,More winter
8,french-creek-freddie,French Creek Freddie,2023,0,,Early spring
8,french-creek-freddie,French Creek Freddie,2024,0,,Early spring
8,french-creek-freddie,French Creek Freddie,2025,0,,Early spring
8,french-creek-freddie,French Creek Freddie,2026,0,,Early spring
9,gertie-the-groundhog,Gertie the Groundhog,1993,1,,More winter
9,gertie-the-groundhog,Gertie the Groundhog,1994,0,,Early spring
9,gertie-the-groundhog,Gertie the Groundhog,1995,0,,Early spring
9,gertie-the-groundhog,Gertie the Groundhog,1996,0,,Early spring
9,gertie-the-groundhog,Gertie the Groundhog,1997,0,,Early spring
9,gertie-the-groundhog,Gertie the Groundhog,1998,0,,Early spring
9,gertie-the-groundhog,Gertie the Groundhog,1999,0,,Early spring
9,gertie-the-groundhog,Gertie the Groundhog,2000,1,,More winter
9,gertie-the-groundhog,Gertie the Groundhog,2001,1,,More winter
9,gertie-the-groundhog,Gertie the Groundhog,2002,0,,Early spring
9,gertie-the-groundhog,Gertie the Groundhog,2003,NA,,Uncertain
9,gertie-the-groundhog,Gertie the Groundhog,2004,0,,Early spring
9,gertie-the-groundhog,Gertie the Groundhog,2005,0,,Early spring
9,gertie-the-groundhog,Gertie the Groundhog,2006,0,,Early spring
9,gertie-the-groundhog,Gertie the Groundhog,2007,0,,Early spring
9,gertie-the-groundhog,Gertie the Groundhog,2008,0,,Early spring
9,gertie-the-groundhog,Gertie the Groundhog,2009,0,,Early spring
9,gertie-the-groundhog,Gertie the Groundhog,2010,0,,Early spring
9,gertie-the-groundhog,Gertie the Groundhog,2011,0,,Early spring
9,gertie-the-groundhog,Gertie the Groundhog,2012,0,,Early spring
9,gertie-the-groundhog,Gertie the Groundhog,2013,0,,Early spring
9,gertie-the-groundhog,Gertie the Groundhog,2014,1,,More winter
9,gertie-the-groundhog,Gertie the Groundhog,2015,1,,More winter
9,gertie-the-groundhog,Gertie the Groundhog,2016,0,,Early spring
9,gertie-the-groundhog,Gertie the Groundhog,2017,1,,More winter
9,gertie-the-groundhog,Gertie the Groundhog,2018,1,,More winter
9,gertie-the-groundhog,Gertie the Groundhog,2019,0,,Early spring
9,gertie-the-groundhog,Gertie the Groundhog,2020,1,,More winter
9,gertie-the-groundhog,Gertie the Groundhog,2021,1,,More winter
9,gertie-the-groundhog,Gertie the Groundhog,2022,0,,Early spring
9,gertie-the-groundhog,Gertie the Groundhog,2023,1,,More winter
9,gertie-the-groundhog,Gertie the Groundhog,2024,0,,Early spring
9,gertie-the-groundhog,Gertie the Groundhog,2025,0,,Early spring
9,gertie-the-groundhog,Gertie the Groundhog,2026,1,,More winter
10,dunkirk-dave,Dunkirk Dave,1983,0,,Early spring
10,dunkirk-dave,Dunkirk Dave,1984,NA,,Uncertain
10,dunkirk-dave,Dunkirk Dave,1985,0,,Early spring
10,dunkirk-dave,Dunkirk Dave,1986,NA,,Uncertain
10,dunkirk-dave,Dunkirk Dave,1987,0,,Early spring
10,dunkirk-dave,Dunkirk Dave,1988,0,,Early spring
10,dunkirk-dave,Dunkirk Dave,1989,NA,,Uncertain
10,dunkirk-dave,Dunkirk Dave,1990,NA,,Uncertain
10,dunkirk-dave,Dunkirk Dave,1991,NA,,Uncertain
10,dunkirk-dave,Dunkirk Dave,1992,NA,,Uncertain
10,dunkirk-dave,Dunkirk Dave,1993,NA,,Uncertain
10,dunkirk-dave,Dunkirk Dave,1994,NA,,Uncertain
10,dunkirk-dave,Dunkirk Dave,1995,NA,,Uncertain
10,dunkirk-dave,Dunkirk Dave,1996,NA,,Uncertain
10,dunkirk-dave,Dunkirk Dave,1997,NA,,Uncertain
10,dunkirk-dave,Dunkirk Dave,1998,NA,,Uncertain
10,dunkirk-dave,Dunkirk Dave,1999,NA,,Uncertain
10,dunkirk-dave,Dunkirk Dave,2000,1,,More winter
10,dunkirk-dave,Dunkirk Dave,2001,0,,Early spring
10,dunkirk-dave,Dunkirk Dave,2002,1,,More winter
10,dunkirk-dave,Dunkirk Dave,2003,0,,Early spring
10,dunkirk-dave,Dunkirk Dave,2004,1,,More winter
10,dunkirk-dave,Dunkirk Dave,2005,1,,More winter
10,dunkirk-dave,Dunkirk Dave,2006,1,,More winter
10,dunkirk-dave,Dunkirk Dave,2007,1,,More winter
10,dunkirk-dave,Dunkirk Dave,2008,0,,Early spring
10,dunkirk-dave,Dunkirk Dave,2009,0,,Early spring
10,dunkirk-dave,Dunkirk Dave,2010,0,,Early spring
10,dunkirk-dave,Dunkirk Dave,2011,0,,Early spring
10,dunkirk-dave,Dunkirk Dave,2012,0,,Early spring
10,dunkirk-dave,Dunkirk Dave,2013,0,,Early spring
10,dunkirk-dave,Dunkirk Dave,2014,0,,Early spring
10,dunkirk-dave,Dunkirk Dave,2015,0,,Early spring
10,dunkirk-dave,Dunkirk Dave,2016,1,,More winter
10,dunkirk-dave,Dunkirk Dave,2017,1,,More winter
10,dunkirk-dave,Dunkirk Dave,2018,0,,Early spring
10,dunkirk-dave,Dunkirk Dave,2019,0,,Early spring
10,dunkirk-dave,Dunkirk Dave,2020,0,,Early spring
10,dunkirk-dave,Dunkirk Dave,2021,0,,Early spring
10,dunkirk-dave,Dunkirk Dave,2022,1,,More winter
10,dunkirk-dave,Dunkirk Dave,2023,0,,Early spring
10,dunkirk-dave,Dunkirk Dave,2024,0,,Early spring
10,dunkirk-dave,Dunkirk Dave,2025,0,,Early spring
10,dunkirk-dave,Dunkirk Dave,2026,0,,Early spring
11,malverne-mel,Malverne Mel,1996,1,,More winter
11,malverne-mel,Malverne Mel,1997,1,,More winter
11,malverne-mel,Malverne Mel,1998,0,,Early spring
11,malverne-mel,Malverne Mel,1999,0,,Early spring
11,malverne-mel,Malverne Mel,2000,0,,Early spring
11,malverne-mel,Malverne Mel,2001,0,,Early spring
11,malverne-mel,Malverne Mel,2002,1,,More winter
11,malverne-mel,Malverne Mel,2003,1,,More winter
11,malverne-mel,Malverne Mel,2004,1,,More winter
11,malverne-mel,Malverne Mel,2005,1,,More winter
11,malverne-mel,Malverne Mel,2006,0,,Early spring
11,malverne-mel,Malverne Mel,2007,0,,Early spring
11,malverne-mel,Malverne Mel,2008,0,,Early spring
11,malverne-mel,Malverne Mel,2009,0,,Early spring
11,malverne-mel,Malverne Mel,2010,1,,More winter
11,malverne-mel,Malverne Mel,2011,0,,Early spring
11,malverne-mel,Malverne Mel,2012,1,,More winter
11,malverne-mel,Malverne Mel,2013,1,,More winter
11,malverne-mel,Malverne Mel,2014,0,,Early spring
11,malverne-mel,Malverne Mel,2015,1,,More winter
11,malverne-mel,Malverne Mel,2016,0,,Early spring
11,malverne-mel,Malverne Mel,2017,0,,Early spring
11,malverne-mel,Malverne Mel,2018,1,,More winter
11,malverne-mel,Malverne Mel,2019,0,,Early spring
11,malverne-mel,Malverne Mel,2020,1,,More winter
11,malverne-mel,Malverne Mel,2021,0,,Early spring
11,malverne-mel,Malverne Mel,2022,1,,More winter
11,malverne-mel,Malverne Mel,2023,1,,More winter
11,malverne-mel,Malverne Mel,2024,0,,Early spring
11,malverne-mel,Malverne Mel,2025,1,,More winter
11,malverne-mel,Malverne Mel,2026,1,,More winter
12,staten-island-chuck,Staten Island Chuck,1982,0,,Early spring
12,staten-island-chuck,Staten Island Chuck,1983,NA,,Uncertain
12,staten-island-chuck,Staten Island Chuck,1984,1,,More winter
12,staten-island-chuck,Staten Island Chuck,1985,0,,Early spring
12,staten-island-chuck,Staten Island Chuck,1986,NA,,Uncertain
12,staten-island-chuck,Staten Island Chuck,1987,NA,,Uncertain
12,staten-island-chuck,Staten Island Chuck,1988,0,,Early spring
12,staten-island-chuck,Staten Island Chuck,1989,NA,,Uncertain
12,staten-island-chuck,Staten Island Chuck,1990,NA,,Uncertain
12,staten-island-chuck,Staten Island Chuck,1991,NA,,Uncertain
12,staten-island-chuck,Staten Island Chuck,1992,NA,,Uncertain
12,staten-island-chuck,Staten Island Chuck,1993,1,,More winter
12,staten-island-chuck,Staten Island Chuck,1994,1,,More winter
12,staten-island-chuck,Staten Island Chuck,1995,0,,Early spring
12,staten-island-chuck,Staten Island Chuck,1996,NA,,Uncertain
12,staten-island-chuck,Staten Island Chuck,1997,0,,Early spring
12,staten-island-chuck,Staten Island Chuck,1998,NA,,Uncertain
12,staten-island-chuck,Staten Island Chuck,1999,NA,,Uncertain
12,staten-island-chuck,Staten Island Chuck,2000,1,,More winter
12,staten-island-chuck,Staten Island Chuck,2001,NA,,Uncertain
12,staten-island-chuck,Staten Island Chuck,2002,NA,,Uncertain
12,staten-island-chuck,Staten Island Chuck,2003,NA,,Uncertain
12,staten-island-chuck,Staten Island Chuck,2004,NA,,Uncertain
12,staten-island-chuck,Staten Island Chuck,2005,0,,Early spring
12,staten-island-chuck,Staten Island Chuck,2006,0,,Early spring
12,staten-island-chuck,Staten Island Chuck,2007,0,,Early spring
12,staten-island-chuck,Staten Island Chuck,2008,0,,Early spring
12,staten-island-chuck,Staten Island Chuck,2009,0,,Early spring
12,staten-island-chuck,Staten Island Chuck,2010,0,,Early spring
12,staten-island-chuck,Staten Island Chuck,2011,0,,Early spring
12,staten-island-chuck,Staten Island Chuck,2012,0,,Early spring
12,staten-island-chuck,Staten Island Chuck,2013,0,,Early spring
12,staten-island-chuck,Staten Island Chuck,2014,1,,More winter
12,staten-island-chuck,Staten Island Chuck,2015,0,,Early spring
12,staten-island-chuck,Staten Island Chuck,2016,0,,Early spring
12,staten-island-chuck,Staten Island Chuck,2017,0,,Early spring
12,staten-island-chuck,Staten Island Chuck,2018,0,,Early spring
12,staten-island-chuck,Staten Island Chuck,2019,0,,Early spring
12,staten-island-chuck,Staten Island Chuck,2020,0,,Early spring
12,staten-island-chuck,Staten Island Chuck,2021,0,,Early spring
12,staten-island-chuck,Staten Island Chuck,2022,0,,Early spring
12,staten-island-chuck,Staten Island Chuck,2023,0,,Early spring
12,staten-island-chuck,Staten Island Chuck,2024,0,,Early spring
12,staten-island-chuck,Staten Island Chuck,2025,0,,Early spring
12,staten-island-chuck,Staten Island Chuck,2026,1,,More winter
13,lander-lil,Lander Lil,1985,0,,Early spring
13,lander-lil,Lander Lil,1986,0,,Early spring
13,lander-lil,Lander Lil,1987,0,,Early spring
13,lander-lil,Lander Lil,1988,NA,,Uncertain
13,lander-lil,Lander Lil,1989,NA,,Uncertain
13,lander-lil,Lander Lil,1990,NA,,Uncertain
13,lander-lil,Lander Lil,1991,NA,,Uncertain
13,lander-lil,Lander Lil,1992,NA,,Uncertain
13,lander-lil,Lander Lil,1993,NA,,Uncertain
13,lander-lil,Lander Lil,1994,1,,More winter
13,lander-lil,Lander Lil,1995,NA,,Uncertain
13,lander-lil,Lander Lil,1996,NA,,Uncertain
13,lander-lil,Lander Lil,1997,0,,Early spring
13,lander-lil,Lander Lil,1998,NA,,Uncertain
13,lander-lil,Lander Lil,1999,0,,Early spring
13,lander-lil,Lander Lil,2000,1,,More winter
13,lander-lil,Lander Lil,2001,NA,,Uncertain
13,lander-lil,Lander Lil,2002,NA,,Uncertain
13,lander-lil,Lander Lil,2003,NA,,Uncertain
13,lander-lil,Lander Lil,2004,NA,,Uncertain
13,lander-lil,Lander Lil,2005,1,,More winter
13,lander-lil,Lander Lil,2006,1,,More winter
13,lander-lil,Lander Lil,2007,0,,Early spring
13,lander-lil,Lander Lil,2008,0,,Early spring
13,lander-lil,Lander Lil,2009,1,,More winter
13,lander-lil,Lander Lil,2010,0,,Early spring
13,lander-lil,Lander Lil,2011,0,,Early spring
13,lander-lil,Lander Lil,2012,0,,Early spring
13,lander-lil,Lander Lil,2013,1,,More winter
13,lander-lil,Lander Lil,2014,1,,More winter
13,lander-lil,Lander Lil,2015,0,,Early spring
13,lander-lil,Lander Lil,2016,0,,Early spring
13,lander-lil,Lander Lil,2017,0,,Early spring
13,lander-lil,Lander Lil,2018,0,,Early spring
13,lander-lil,Lander Lil,2019,1,,More winter
13,lander-lil,Lander Lil,2020,1,,More winter
13,lander-lil,Lander Lil,2021,1,,More winter
13,lander-lil,Lander Lil,2022,0,,Early spring
13,lander-lil,Lander Lil,2023,1,,More winter
13,lander-lil,Lander Lil,2024,0,,Early spring
13,lander-lil,Lander Lil,2025,0,,Early spring
13,lander-lil,Lander Lil,2026,NA,,Uncertain
15,holtsville-hal,Holtsville Hal,1999,0,,Early spring
15,holtsville-hal,Holtsville Hal,2000,1,,More winter
15,holtsville-hal,Holtsville Hal,2001,0,,Early spring
15,holtsville-hal,Holtsville Hal,2002,0,,Early spring
15,holtsville-hal,Holtsville Hal,2003,1,,More winter
15,holtsville-hal,Holtsville Hal,2004,1,,More winter
15,holtsville-hal,Holtsville Hal,2005,0,,Early spring
15,holtsville-hal,Holtsville Hal,2006,1,,More winter
15,holtsville-hal,Holtsville Hal,2007,1,,More winter
15,holtsville-hal,Holtsville Hal,2008,1,,More winter
15,holtsville-hal,Holtsville Hal,2009,1,,More winter
15,holtsville-hal,Holtsville Hal,2010,1,,More winter
15,holtsville-hal,Holtsville Hal,2011,1,,More winter
15,holtsville-hal,Holtsville Hal,2012,0,,Early spring
15,holtsville-hal,Holtsville Hal,2013,1,,More winter
15,holtsville-hal,Holtsville Hal,2014,0,,Early spring
15,holtsville-hal,Holtsville Hal,2015,1,,More winter
15,holtsville-hal,Holtsville Hal,2016,0,,Early spring
15,holtsville-hal,Holtsville Hal,2017,0,,Early spring
15,holtsville-hal,Holtsville Hal,2018,0,,Early spring
15,holtsville-hal,Holtsville Hal,2019,0,,Early spring
15,holtsville-hal,Holtsville Hal,2020,1,,More winter
15,holtsville-hal,Holtsville Hal,2021,0,,Early spring
15,holtsville-hal,Holtsville Hal,2022,0,,Early spring
15,holtsville-hal,Holtsville Hal,2023,1,,More winter
15,holtsville-hal,Holtsville Hal,2024,0,,Early spring
15,holtsville-hal,Holtsville Hal,2025,1,,More winter
15,holtsville-hal,Holtsville Hal,2026,1,,More winter
17,woody-the-woodchuck,Woody the Woodchuck,1999,1,,More winter
17,woody-the-woodchuck,Woody the Woodchuck,2000,0,,Early spring
17,woody-the-woodchuck,Woody the Woodchuck,2001,0,,Early spring
17,woody-the-woodchuck,Woody the Woodchuck,2002,1,,More winter
17,woody-the-woodchuck,Woody the Woodchuck,2003,1,,More winter
17,woody-the-woodchuck,Woody the Woodchuck,2004,0,,Early spring
17,woody-the-woodchuck,Woody the Woodchuck,2005,0,,Early spring
17,woody-the-woodchuck,Woody the Woodchuck,2006,1,,More winter
17,woody-the-woodchuck,Woody the Woodchuck,2007,0,,Early spring
17,woody-the-woodchuck,Woody the Woodchuck,2008,0,,Early spring
17,woody-the-woodchuck,Woody the Woodchuck,2009,1,,More winter
17,woody-the-woodchuck,Woody the Woodchuck,2010,1,,More winter
17,woody-the-woodchuck,Woody the Woodchuck,2011,1,,More winter
17,woody-the-woodchuck,Woody the Woodchuck,2012,0,,Early spring
17,woody-the-woodchuck,Woody the Woodchuck,2013,0,,Early spring
17,woody-the-woodchuck,Woody the Woodchuck,2014,1,,More winter
17,woody-the-woodchuck,Woody the Woodchuck,2015,1,,More winter
17,woody-the-woodchuck,Woody the Woodchuck,2016,1,,More winter
17,woody-the-woodchuck,Woody the Woodchuck,2017,1,,More winter
17,woody-the-woodchuck,Woody the Woodchuck,2018,1,,More winter
17,woody-the-woodchuck,Woody the Woodchuck,2019,0,,Early spring
17,woody-the-woodchuck,Woody the Woodchuck,2020,0,,Early spring
17,woody-the-woodchuck,Woody the Woodchuck,2021,1,,More winter
17,woody-the-woodchuck,Woody the Woodchuck,2022,1,,More winter
17,woody-the-woodchuck,Woody the Woodchuck,2023,0,,Early spring
17,woody-the-woodchuck,Woody the Woodchuck,2024,1,,More winter
17,woody-the-woodchuck,Woody the Woodchuck,2025,0,,Early spring
17,woody-the-woodchuck,Woody the Woodchuck,2026,1,,More winter
18,woodstock-willie,Woodstock Willie,1999,0,,Early spring
18,woodstock-willie,Woodstock Willie,2000,NA,,Uncertain
18,woodstock-willie,Woodstock Willie,2001,1,,More winter
18,woodstock-willie,Woodstock Willie,2002,1,,More winter
18,woodstock-willie,Woodstock Willie,2003,0,,Early spring
18,woodstock-willie,Woodstock Willie,2004,0,,Early spring
18,woodstock-willie,Woodstock Willie,2005,0,,Early spring
18,woodstock-willie,Woodstock Willie,2006,0,,Early spring
18,woodstock-willie,Woodstock Willie,2007,0,,Early spring
18,woodstock-willie,Woodstock Willie,2008,0,,Early spring
18,woodstock-willie,Woodstock Willie,2009,1,,More winter
18,woodstock-willie,Woodstock Willie,2010,0,,Early spring
18,woodstock-willie,Woodstock Willie,2011,1,,More winter
18,woodstock-willie,Woodstock Willie,2012,0,,Early spring
18,woodstock-willie,Woodstock Willie,2013,0,,Early spring
18,woodstock-willie,Woodstock Willie,2014,1,,More winter
18,woodstock-willie,Woodstock Willie,2015,1,,More winter
18,woodstock-willie,Woodstock Willie,2016,0,,Early spring
18,woodstock-willie,Woodstock Willie,2017,1,,More winter
18,woodstock-willie,Woodstock Willie,2018,1,,More winter
18,woodstock-willie,Woodstock Willie,2019,0,,Early spring
18,woodstock-willie,Woodstock Willie,2020,1,,More winter
18,woodstock-willie,Woodstock Willie,2021,0,,Early spring
18,woodstock-willie,Woodstock Willie,2022,0,,Early spring
18,woodstock-willie,Woodstock Willie,2023,1,,More winter
18,woodstock-willie,Woodstock Willie,2024,0,,Early spring
18,woodstock-willie,Woodstock Willie,2025,0,,Early spring
18,woodstock-willie,Woodstock Willie,2026,0,,Early spring
19,mojave-max,Mojave Max,2000,0,"2000-03-15, 12:32 PM, Wednesday",Early spring
19,mojave-max,Mojave Max,2001,1,"2001-03-19, 8:30 AM, Monday",More winter
19,mojave-max,Mojave Max,2002,1,"2002-03-22, ,11:46 AM, Friday",More winter
19,mojave-max,Mojave Max,2003,0,"2003-03-07, 10:25 AM, Friday",Early spring
19,mojave-max,Mojave Max,2004,0,"2004-02-19, 11:14 AM, Thursday",Early spring
19,mojave-max,Mojave Max,2005,0,"2005-02-14, 11:55 AM, Monday, Earliest emergence",Early spring
19,mojave-max,Mojave Max,2006,1,"2006-04-03, 11:32 AM, Monday",More winter
19,mojave-max,Mojave Max,2007,1,"2007-03-26, 11:34 AM, Monday",More winter
19,mojave-max,Mojave Max,2008,1,"2008-04-14, 11:27 AM, Monday",More winter
19,mojave-max,Mojave Max,2009,1,"2009-04-07, 2:37 PM, Tuesday",More winter
19,mojave-max,Mojave Max,2010,1,"2010-03-30, 9:23 AM, Tuesday",More winter
19,mojave-max,Mojave Max,2011,1,"2011-03-29, 2:03 PM, Tuesday",More winter
19,mojave-max,Mojave Max,2012,1,"2012-04-17, 12:41 PM, Tuesday",More winter
19,mojave-max,Mojave Max,2013,0,"2013-03-14, 1:45 PM, Thursday",Early spring
19,mojave-max,Mojave Max,2014,1,"2014-04-07, 4:10 PM, Monday",More winter
19,mojave-max,Mojave Max,2015,1,"2015-04-15, 2:17 PM, Wednesday",More winter
19,mojave-max,Mojave Max,2016,0,"2016-03-08, 1:20 PM, Tuesday",Early spring
19,mojave-max,Mojave Max,2017,1,"2017-04-05, 12:40 PM, Wednesday",More winter
19,mojave-max,Mojave Max,2018,1,"2018-03-23, 11:11 AM, Friday",More winter
19,mojave-max,Mojave Max,2019,1,"2019-03-30, 1:28 PM, Saturday",More winter
19,mojave-max,Mojave Max,2020,1,"2020-04-01, 11:39 AM, Wednesday",More winter
19,mojave-max,Mojave Max,2021,1,"2021-04-15, 11:34 AM, Thursday",More winter
19,mojave-max,Mojave Max,2022,1,"2022-03-26, 12:21 PM, Saturday",More winter
19,mojave-max,Mojave Max,2023,1,"2023-04-24, 3:40 PM, Monday",More winter
19,mojave-max,Mojave Max,2024,1,"2024-04-23, 3:09 pm, Tuesday",More winter
19,mojave-max,Mojave Max,2025,1,"2025-05-08, 2:09 pm, Thursday, Latest emergence",More winter
19,mojave-max,Mojave Max,2026,NA,,Uncertain
20,schnogadahl-sammi,Schnogadahl Sammi,1997,1,,More winter
20,schnogadahl-sammi,Schnogadahl Sammi,1998,NA,,Uncertain
20,schnogadahl-sammi,Schnogadahl Sammi,1999,NA,,Uncertain
20,schnogadahl-sammi,Schnogadahl Sammi,2000,NA,,Uncertain
20,schnogadahl-sammi,Schnogadahl Sammi,2001,0,,Early spring
20,schnogadahl-sammi,Schnogadahl Sammi,2002,1,,More winter
20,schnogadahl-sammi,Schnogadahl Sammi,2003,0,,Early spring
20,schnogadahl-sammi,Schnogadahl Sammi,2004,1,,More winter
20,schnogadahl-sammi,Schnogadahl Sammi,2005,1,,More winter
20,schnogadahl-sammi,Schnogadahl Sammi,2006,1,,More winter
20,schnogadahl-sammi,Schnogadahl Sammi,2007,1,,More winter
20,schnogadahl-sammi,Schnogadahl Sammi,2008,1,,More winter
20,schnogadahl-sammi,Schnogadahl Sammi,2009,1,,More winter
20,schnogadahl-sammi,Schnogadahl Sammi,2010,1,,More winter
20,schnogadahl-sammi,Schnogadahl Sammi,2011,0,,Early spring
20,schnogadahl-sammi,Schnogadahl Sammi,2012,0,,Early spring
20,schnogadahl-sammi,Schnogadahl Sammi,2013,1,,More winter
20,schnogadahl-sammi,Schnogadahl Sammi,2014,1,,More winter
20,schnogadahl-sammi,Schnogadahl Sammi,2015,1,,More winter
20,schnogadahl-sammi,Schnogadahl Sammi,2016,1,,More winter
20,schnogadahl-sammi,Schnogadahl Sammi,2017,0,,Early spring
20,schnogadahl-sammi,Schnogadahl Sammi,2018,1,,More winter
20,schnogadahl-sammi,Schnogadahl Sammi,2019,1,,More winter
20,schnogadahl-sammi,Schnogadahl Sammi,2020,1,,More winter
20,schnogadahl-sammi,Schnogadahl Sammi,2021,NA,,Uncertain
20,schnogadahl-sammi,Schnogadahl Sammi,2022,NA,,Uncertain
20,schnogadahl-sammi,Schnogadahl Sammi,2023,1,,More winter
20,schnogadahl-sammi,Schnogadahl Sammi,2024,1,,More winter
20,schnogadahl-sammi,Schnogadahl Sammi,2025,1,,More winter
21,sir-walter-wally,Sir Walter Wally,2000,1,,More winter
21,sir-walter-wally,Sir Walter Wally,2001,0,,Early spring
21,sir-walter-wally,Sir Walter Wally,2002,1,,More winter
21,sir-walter-wally,Sir Walter Wally,2003,1,,More winter
21,sir-walter-wally,Sir Walter Wally,2004,1,,More winter
21,sir-walter-wally,Sir Walter Wally,2005,1,,More winter
21,sir-walter-wally,Sir Walter Wally,2006,1,,More winter
21,sir-walter-wally,Sir Walter Wally,2007,0,,Early spring
21,sir-walter-wally,Sir Walter Wally,2008,1,,More winter
21,sir-walter-wally,Sir Walter Wally,2009,1,,More winter
21,sir-walter-wally,Sir Walter Wally,2010,1,,More winter
21,sir-walter-wally,Sir Walter Wally,2011,1,,More winter
21,sir-walter-wally,Sir Walter Wally,2012,1,,More winter
21,sir-walter-wally,Sir Walter Wally,2013,1,,More winter
21,sir-walter-wally,Sir Walter Wally,2014,1,,More winter
21,sir-walter-wally,Sir Walter Wally,2015,0,,Early spring
21,sir-walter-wally,Sir Walter Wally,2016,0,,Early spring
21,sir-walter-wally,Sir Walter Wally,2017,0,,Early spring
21,sir-walter-wally,Sir Walter Wally,2018,0,,Early spring
21,sir-walter-wally,Sir Walter Wally,2019,1,,More winter
21,sir-walter-wally,Sir Walter Wally,2020,1,,More winter
21,sir-walter-wally,Sir Walter Wally,2021,0,,Early spring
21,sir-walter-wally,Sir Walter Wally,2022,1,,More winter
22,poor-richard,Poor Richard,2001,1,,More winter
22,poor-richard,Poor Richard,2002,NA,,Uncertain
22,poor-richard,Poor Richard,2003,NA,,Uncertain
22,poor-richard,Poor Richard,2004,1,,More winter
22,poor-richard,Poor Richard,2005,1,,More winter
22,poor-richard,Poor Richard,2006,1,,More winter
22,poor-richard,Poor Richard,2007,1,,More winter
22,poor-richard,Poor Richard,2008,1,,More winter
22,poor-richard,Poor Richard,2009,1,,More winter
22,poor-richard,Poor Richard,2010,0,,Early spring
22,poor-richard,Poor Richard,2011,1,,More winter
22,poor-richard,Poor Richard,2012,0,,Early spring
22,poor-richard,Poor Richard,2013,1,,More winter
22,poor-richard,Poor Richard,2014,1,,More winter
22,poor-richard,Poor Richard,2015,1,,More winter
22,poor-richard,Poor Richard,2016,1,,More winter
22,poor-richard,Poor Richard,2017,0,,Early spring
22,poor-richard,Poor Richard,2018,0,,Early spring
22,poor-richard,Poor Richard,2019,1,,More winter
22,poor-richard,Poor Richard,2020,0,,Early spring
22,poor-richard,Poor Richard,2021,1,,More winter
22,poor-richard,Poor Richard,2022,0,,Early spring
22,poor-richard,Poor Richard,2023,0,,Early spring
22,poor-richard,Poor Richard,2024,0,,Early spring
22,poor-richard,Poor Richard,2025,1,,More winter
22,poor-richard,Poor Richard,2026,1,,More winter
24,uni-the-groundhog,Uni the Groundhog,2004,1,,More winter
24,uni-the-groundhog,Uni the Groundhog,2005,1,,More winter
24,uni-the-groundhog,Uni the Groundhog,2006,1,,More winter
24,uni-the-groundhog,Uni the Groundhog,2007,1,,More winter
24,uni-the-groundhog,Uni the Groundhog,2008,0,,Early spring
24,uni-the-groundhog,Uni the Groundhog,2009,1,,More winter
24,uni-the-groundhog,Uni the Groundhog,2010,0,,Early spring
24,uni-the-groundhog,Uni the Groundhog,2011,1,,More winter
24,uni-the-groundhog,Uni the Groundhog,2012,1,,More winter
24,uni-the-groundhog,Uni the Groundhog,2013,1,,More winter
24,uni-the-groundhog,Uni the Groundhog,2014,1,,More winter
24,uni-the-groundhog,Uni the Groundhog,2015,1,,More winter
24,uni-the-groundhog,Uni the Groundhog,2016,1,,More winter
24,uni-the-groundhog,Uni the Groundhog,2017,0,,Early spring
24,uni-the-groundhog,Uni the Groundhog,2018,1,,More winter
24,uni-the-groundhog,Uni the Groundhog,2019,1,,More winter
24,uni-the-groundhog,Uni the Groundhog,2020,1,,More winter
24,uni-the-groundhog,Uni the Groundhog,2021,NA,,Uncertain
24,uni-the-groundhog,Uni the Groundhog,2022,0,,Early spring
24,uni-the-groundhog,Uni the Groundhog,2023,1,,More winter
24,uni-the-groundhog,Uni the Groundhog,2024,0,,Early spring
24,uni-the-groundhog,Uni the Groundhog,2025,1,,More winter
24,uni-the-groundhog,Uni the Groundhog,2026,1,,More winter
25,grover-and-sue,Grover and Sue,2007,0,,Early spring
25,grover-and-sue,Grover and Sue,2008,0,,Early spring
25,grover-and-sue,Grover and Sue,2009,1,,More winter
25,grover-and-sue,Grover and Sue,2010,1,,More winter
25,grover-and-sue,Grover and Sue,2011,0,,Early spring
25,grover-and-sue,Grover and Sue,2012,1,,More winter
25,grover-and-sue,Grover and Sue,2013,1,,More winter
25,grover-and-sue,Grover and Sue,2014,1,,More winter
25,grover-and-sue,Grover and Sue,2015,1,,More winter
25,grover-and-sue,Grover and Sue,2016,1,,More winter
25,grover-and-sue,Grover and Sue,2017,0,,Early spring
25,grover-and-sue,Grover and Sue,2018,0,,Early spring
25,grover-and-sue,Grover and Sue,2019,1,,More winter
25,grover-and-sue,Grover and Sue,2020,0,,Early spring
25,grover-and-sue,Grover and Sue,2021,0,,Early spring
25,grover-and-sue,Grover and Sue,2022,0,,Early spring
25,grover-and-sue,Grover and Sue,2023,0,,Early spring
25,grover-and-sue,Grover and Sue,2024,0,,Early spring
25,grover-and-sue,Grover and Sue,2025,0,,Early spring
26,ms-g,Ms. G,2008,1,,More winter
26,ms-g,Ms. G,2009,0,,Early spring
26,ms-g,Ms. G,2010,1,,More winter
26,ms-g,Ms. G,2011,0,,Early spring
26,ms-g,Ms. G,2012,0,,Early spring
26,ms-g,Ms. G,2013,1,,More winter
26,ms-g,Ms. G,2014,1,,More winter
26,ms-g,Ms. G,2015,0,,Early spring
26,ms-g,Ms. G,2016,1,,More winter
26,ms-g,Ms. G,2017,1,,More winter
26,ms-g,Ms. G,2018,1,,More winter
26,ms-g,Ms. G,2019,1,,More winter
26,ms-g,Ms. G,2020,0,,Early spring
26,ms-g,Ms. G,2021,0,,Early spring
26,ms-g,Ms. G,2022,0,,Early spring
26,ms-g,Ms. G,2023,0,,Early spring
26,ms-g,Ms. G,2024,0,,Early spring
26,ms-g,Ms. G,2025,1,,More winter
27,stormy-marmot,Stormy Marmot,2006,0,,Early spring
27,stormy-marmot,Stormy Marmot,2007,NA,,Uncertain
27,stormy-marmot,Stormy Marmot,2008,1,,More winter
27,stormy-marmot,Stormy Marmot,2009,NA,,Uncertain
27,stormy-marmot,Stormy Marmot,2010,1,,More winter
27,stormy-marmot,Stormy Marmot,2011,1,,More winter
27,stormy-marmot,Stormy Marmot,2012,0,,Early spring
27,stormy-marmot,Stormy Marmot,2013,1,,More winter
27,stormy-marmot,Stormy Marmot,2014,1,,More winter
27,stormy-marmot,Stormy Marmot,2015,0,,Early spring
27,stormy-marmot,Stormy Marmot,2016,0,,Early spring
27,stormy-marmot,Stormy Marmot,2017,0,,Early spring
27,stormy-marmot,Stormy Marmot,2018,0,,Early spring
27,stormy-marmot,Stormy Marmot,2019,1,,More winter
27,stormy-marmot,Stormy Marmot,2020,1,,More winter
27,stormy-marmot,Stormy Marmot,2021,1,,More winter
27,stormy-marmot,Stormy Marmot,2022,0,,Early spring
27,stormy-marmot,Stormy Marmot,2023,1,,More winter
27,stormy-marmot,Stormy Marmot,2024,0,,Early spring
27,stormy-marmot,Stormy Marmot,2025,1,,More winter
27,stormy-marmot,Stormy Marmot,2026,0,,Early spring
28,chuckles-the-groundhog,Chuckles the Groundhog,2008,0,,Early spring
28,chuckles-the-groundhog,Chuckles the Groundhog,2009,1,,More winter
28,chuckles-the-groundhog,Chuckles the Groundhog,2010,1,,More winter
28,chuckles-the-groundhog,Chuckles the Groundhog,2011,0,,Early spring
28,chuckles-the-groundhog,Chuckles the Groundhog,2012,0,,Early spring
28,chuckles-the-groundhog,Chuckles the Groundhog,2013,1,,More winter
28,chuckles-the-groundhog,Chuckles the Groundhog,2014,1,,More winter
28,chuckles-the-groundhog,Chuckles the Groundhog,2015,1,,More winter
28,chuckles-the-groundhog,Chuckles the Groundhog,2016,0,,Early spring
28,chuckles-the-groundhog,Chuckles the Groundhog,2017,0,,Early spring
28,chuckles-the-groundhog,Chuckles the Groundhog,2018,0,,Early spring
28,chuckles-the-groundhog,Chuckles the Groundhog,2019,0,,Early spring
28,chuckles-the-groundhog,Chuckles the Groundhog,2020,0,,Early spring
28,chuckles-the-groundhog,Chuckles the Groundhog,2021,NA,,Uncertain
28,chuckles-the-groundhog,Chuckles the Groundhog,2022,1,,More winter
28,chuckles-the-groundhog,Chuckles the Groundhog,2023,0,,Early spring
28,chuckles-the-groundhog,Chuckles the Groundhog,2024,0,,Early spring
28,chuckles-the-groundhog,Chuckles the Groundhog,2025,0,,Early spring
28,chuckles-the-groundhog,Chuckles the Groundhog,2026,1,,More winter
29,stonewall-jackson,Stonewall Jackson,2008,0,,Early spring
29,stonewall-jackson,Stonewall Jackson,2009,1,,More winter
29,stonewall-jackson,Stonewall Jackson,2010,0,,Early spring
29,stonewall-jackson,Stonewall Jackson,2011,0,,Early spring
29,stonewall-jackson,Stonewall Jackson,2012,0,,Early spring
29,stonewall-jackson,Stonewall Jackson,2013,1,,More winter
29,stonewall-jackson,Stonewall Jackson,2014,0,,Early spring
29,stonewall-jackson,Stonewall Jackson,2015,0,,Early spring
29,stonewall-jackson,Stonewall Jackson,2016,NA,,Uncertain
29,stonewall-jackson,Stonewall Jackson,2017,0,,Early spring
29,stonewall-jackson,Stonewall Jackson,2018,1,,More winter
29,stonewall-jackson,Stonewall Jackson,2019,1,,More winter
29,stonewall-jackson,Stonewall Jackson,2020,0,,Early spring
29,stonewall-jackson,Stonewall Jackson,2021,0,,Early spring
29,stonewall-jackson,Stonewall Jackson,2022,0,,Early spring
29,stonewall-jackson,Stonewall Jackson,2023,0,,Early spring
29,stonewall-jackson,Stonewall Jackson,2024,0,,Early spring
29,stonewall-jackson,Stonewall Jackson,2025,0,,Early spring
29,stonewall-jackson,Stonewall Jackson,2026,0,,Early spring
30,flatiron-freddy,Flatiron Freddy,2010,1,,More winter
30,flatiron-freddy,Flatiron Freddy,2011,1,,More winter
30,flatiron-freddy,Flatiron Freddy,2012,0,,Early spring
30,flatiron-freddy,Flatiron Freddy,2013,1,,More winter
30,flatiron-freddy,Flatiron Freddy,2014,0,,Early spring
30,flatiron-freddy,Flatiron Freddy,2015,1,,More winter
30,flatiron-freddy,Flatiron Freddy,2016,0,,Early spring
30,flatiron-freddy,Flatiron Freddy,2017,0,,Early spring
30,flatiron-freddy,Flatiron Freddy,2018,1,,More winter
30,flatiron-freddy,Flatiron Freddy,2019,1,,More winter
30,flatiron-freddy,Flatiron Freddy,2020,1,,More winter
30,flatiron-freddy,Flatiron Freddy,2021,1,,More winter
30,flatiron-freddy,Flatiron Freddy,2022,0,,Early spring
30,flatiron-freddy,Flatiron Freddy,2023,1,,More winter
30,flatiron-freddy,Flatiron Freddy,2024,0,,Early spring
30,flatiron-freddy,Flatiron Freddy,2025,1,,More winter
32,bee-cave-bob,Bee Cave Bob,2011,1,,More winter
32,bee-cave-bob,Bee Cave Bob,2012,0,,Early spring
32,bee-cave-bob,Bee Cave Bob,2013,1,,More winter
32,bee-cave-bob,Bee Cave Bob,2014,0,,Early spring
32,bee-cave-bob,Bee Cave Bob,2015,0,,Early spring
32,bee-cave-bob,Bee Cave Bob,2016,0,,Early spring
32,bee-cave-bob,Bee Cave Bob,2017,0,,Early spring
32,bee-cave-bob,Bee Cave Bob,2018,0,,Early spring
32,bee-cave-bob,Bee Cave Bob,2019,0,,Early spring
32,bee-cave-bob,Bee Cave Bob,2020,0,,Early spring
32,bee-cave-bob,Bee Cave Bob,2021,0,,Early spring
32,bee-cave-bob,Bee Cave Bob,2022,1,,More winter
32,bee-cave-bob,Bee Cave Bob,2023,0,,Early spring
32,bee-cave-bob,Bee Cave Bob,2024,0,,Early spring
32,bee-cave-bob,Bee Cave Bob,2025,0,,Early spring
36,snohomish-slew,Snohomish Slew,2006,1,,More winter
36,snohomish-slew,Snohomish Slew,2007,NA,,Uncertain
36,snohomish-slew,Snohomish Slew,2008,NA,,Uncertain
36,snohomish-slew,Snohomish Slew,2009,NA,,Uncertain
36,snohomish-slew,Snohomish Slew,2010,NA,,Uncertain
36,snohomish-slew,Snohomish Slew,2011,0,,Early spring
36,snohomish-slew,Snohomish Slew,2012,1,,More winter
36,snohomish-slew,Snohomish Slew,2013,0,,Early spring
36,snohomish-slew,Snohomish Slew,2014,1,,More winter
36,snohomish-slew,Snohomish Slew,2015,0,,Early spring
36,snohomish-slew,Snohomish Slew,2016,0,,Early spring
36,snohomish-slew,Snohomish Slew,2017,0,,Early spring
36,snohomish-slew,Snohomish Slew,2018,0,,Early spring
36,snohomish-slew,Snohomish Slew,2019,1,,More winter
36,snohomish-slew,Snohomish Slew,2020,1,,More winter
36,snohomish-slew,Snohomish Slew,2021,1,,More winter
36,snohomish-slew,Snohomish Slew,2022,1,,More winter
36,snohomish-slew,Snohomish Slew,2023,1,,More winter
37,beardsley-bart,Beardsley Bart,2010,0,,Early spring
37,beardsley-bart,Beardsley Bart,2011,NA,,Uncertain
37,beardsley-bart,Beardsley Bart,2012,0,,Early spring
37,beardsley-bart,Beardsley Bart,2013,0,,Early spring
37,beardsley-bart,Beardsley Bart,2014,0,,Early spring
37,beardsley-bart,Beardsley Bart,2015,NA,,Uncertain
37,beardsley-bart,Beardsley Bart,2016,0,,Early spring
37,beardsley-bart,Beardsley Bart,2017,0,,Early spring
37,beardsley-bart,Beardsley Bart,2018,0,,Early spring
37,beardsley-bart,Beardsley Bart,2019,1,,More winter
37,beardsley-bart,Beardsley Bart,2020,0,,Early spring
37,beardsley-bart,Beardsley Bart,2021,0,,Early spring
37,beardsley-bart,Beardsley Bart,2022,0,,Early spring
37,beardsley-bart,Beardsley Bart,2023,0,,Early spring
37,beardsley-bart,Beardsley Bart,2024,0,,Early spring
37,beardsley-bart,Beardsley Bart,2025,0,,Early spring
37,beardsley-bart,Beardsley Bart,2026,0,,Early spring
38,potomac-phil,Potomac Phil,2012,1,Six More Weeks of Winter; 6 More Months of Political Gridlock,More winter
38,potomac-phil,Potomac Phil,2013,0,Early Spring; 6 More Months of Political Gridlock,Early spring
38,potomac-phil,Potomac Phil,2014,1,Six More Weeks of Winter; 6 More Months of Political Gridlock,More winter
38,potomac-phil,Potomac Phil,2015,1,Six More Weeks of Winter; 6 More Months of Political Gridlock,More winter
38,potomac-phil,Potomac Phil,2016,0,Early Spring; 6 More Months of Political Gridlock,Early spring
38,potomac-phil,Potomac Phil,2017,1,Six More Weeks of Winter; 6 More Months of Political Gridlock,More winter
38,potomac-phil,Potomac Phil,2018,1,Six More Weeks of Winter; 6 More Months of Political Gridlock,More winter
38,potomac-phil,Potomac Phil,2019,1,Six More Weeks of Winter; 6 More Months of Political Gridlock,More winter
38,potomac-phil,Potomac Phil,2020,1,Six More Weeks of Winter; 6 More Months of Political Gridlock,More winter
38,potomac-phil,Potomac Phil,2021,0,No shadow! Early spring! 6 more months of political gridlock!,Early spring
38,potomac-phil,Potomac Phil,2022,1,"Sorry folks, 6 more weeks of winter and 6 more months of political gridlock!!!",More winter
38,potomac-phil,Potomac Phil,2023,0,No shadow—it’s going to be an early spring! But me also see 6 more months of political gridlock,Early spring
38,potomac-phil,Potomac Phil,2024,0,Early Spring; 6 More Months of Political Gridlock,Early spring
38,potomac-phil,Potomac Phil,2025,1,Shadows everywhere! 6 more weeks of Winter and 6 more months of political gridlock!!!!,More winter
38,potomac-phil,Potomac Phil,2026,1,I see a shadow! Six more weeks of winter and six more months of political gridlock,More winter
39,sand-mountain-sam,Sand Mountain Sam,2012,0,,Early spring
39,sand-mountain-sam,Sand Mountain Sam,2013,1,,More winter
39,sand-mountain-sam,Sand Mountain Sam,2014,1,,More winter
39,sand-mountain-sam,Sand Mountain Sam,2015,0,,Early spring
39,sand-mountain-sam,Sand Mountain Sam,2016,0,,Early spring
39,sand-mountain-sam,Sand Mountain Sam,2017,0,,Early spring
39,sand-mountain-sam,Sand Mountain Sam,2018,0,,Early spring
39,sand-mountain-sam,Sand Mountain Sam,2019,0,,Early spring
39,sand-mountain-sam,Sand Mountain Sam,2020,0,,Early spring
39,sand-mountain-sam,Sand Mountain Sam,2021,0,,Early spring
39,sand-mountain-sam,Sand Mountain Sam,2022,0,,Early spring
39,sand-mountain-sam,Sand Mountain Sam,2023,0,,Early spring
39,sand-mountain-sam,Sand Mountain Sam,2024,0,,Early spring
39,sand-mountain-sam,Sand Mountain Sam,2025,0,,Early spring
39,sand-mountain-sam,Sand Mountain Sam,2026,NA,,Uncertain
40,bowman-bill,Bowman Bill,2011,1,,More winter
40,bowman-bill,Bowman Bill,2012,NA,,Uncertain
40,bowman-bill,Bowman Bill,2013,1,,More winter
40,bowman-bill,Bowman Bill,2014,1,,More winter
40,bowman-bill,Bowman Bill,2015,1,,More winter
40,bowman-bill,Bowman Bill,2016,NA,,Uncertain
40,bowman-bill,Bowman Bill,2017,1,,More winter
40,bowman-bill,Bowman Bill,2018,1,,More winter
40,bowman-bill,Bowman Bill,2019,1,,More winter
40,bowman-bill,Bowman Bill,2020,0,,Early spring
40,bowman-bill,Bowman Bill,2021,1,,More winter
40,bowman-bill,Bowman Bill,2022,1,,More winter
40,bowman-bill,Bowman Bill,2023,1,,More winter
40,bowman-bill,Bowman Bill,2024,1,,More winter
40,bowman-bill,Bowman Bill,2025,1,,More winter
40,bowman-bill,Bowman Bill,2026,NA,,Uncertain
41,buffalo-bert,Buffalo Bert,2013,1,,More winter
41,buffalo-bert,Buffalo Bert,2014,1,,More winter
41,buffalo-bert,Buffalo Bert,2015,1,,More winter
41,buffalo-bert,Buffalo Bert,2016,1,,More winter
41,buffalo-bert,Buffalo Bert,2017,1,,More winter
41,buffalo-bert,Buffalo Bert,2018,1,,More winter
41,buffalo-bert,Buffalo Bert,2019,1,,More winter
41,buffalo-bert,Buffalo Bert,2020,1,,More winter
41,buffalo-bert,Buffalo Bert,2021,1,,More winter
41,buffalo-bert,Buffalo Bert,2022,1,,More winter
41,buffalo-bert,Buffalo Bert,2023,1,,More winter
41,buffalo-bert,Buffalo Bert,2024,1,,More winter
41,buffalo-bert,Buffalo Bert,2025,1,,More winter
41,buffalo-bert,Buffalo Bert,2026,1,,More winter
42,dover-doug,Dover Doug,2011,1,,More winter
42,dover-doug,Dover Doug,2012,NA,,Uncertain
42,dover-doug,Dover Doug,2013,NA,,Uncertain
42,dover-doug,Dover Doug,2014,1,,More winter
42,dover-doug,Dover Doug,2015,0,,Early spring
42,dover-doug,Dover Doug,2016,1,,More winter
42,dover-doug,Dover Doug,2017,0,,Early spring
42,dover-doug,Dover Doug,2018,1,,More winter
42,dover-doug,Dover Doug,2019,0,,Early spring
42,dover-doug,Dover Doug,2020,0,,Early spring
42,dover-doug,Dover Doug,2021,0,,Early spring
42,dover-doug,Dover Doug,2022,1,,More winter
42,dover-doug,Dover Doug,2023,0,,Early spring
42,dover-doug,Dover Doug,2024,1,,More winter
42,dover-doug,Dover Doug,2025,1,,More winter
42,dover-doug,Dover Doug,2026,1,,More winter
44,lawrenceville-lucy,Lawrenceville Lucy,2013,0,,Early spring
44,lawrenceville-lucy,Lawrenceville Lucy,2014,1,,More winter
44,lawrenceville-lucy,Lawrenceville Lucy,2015,0,,Early spring
44,lawrenceville-lucy,Lawrenceville Lucy,2016,0,,Early spring
44,lawrenceville-lucy,Lawrenceville Lucy,2017,1,,More winter
44,lawrenceville-lucy,Lawrenceville Lucy,2018,1,,More winter
44,lawrenceville-lucy,Lawrenceville Lucy,2019,0,,Early spring
44,lawrenceville-lucy,Lawrenceville Lucy,2020,0,,Early spring
44,lawrenceville-lucy,Lawrenceville Lucy,2021,0,,Early spring
44,lawrenceville-lucy,Lawrenceville Lucy,2022,1,,More winter
44,lawrenceville-lucy,Lawrenceville Lucy,2023,1,,More winter
44,lawrenceville-lucy,Lawrenceville Lucy,2024,0,,Early spring
44,lawrenceville-lucy,Lawrenceville Lucy,2025,1,,More winter
44,lawrenceville-lucy,Lawrenceville Lucy,2026,1,,More winter
45,mount-joy-minnie,Mount Joy Minnie,2008,0,,Early spring
45,mount-joy-minnie,Mount Joy Minnie,2009,NA,,Uncertain
45,mount-joy-minnie,Mount Joy Minnie,2010,1,,More winter
45,mount-joy-minnie,Mount Joy Minnie,2011,1,,More winter
45,mount-joy-minnie,Mount Joy Minnie,2012,0,,Early spring
45,mount-joy-minnie,Mount Joy Minnie,2013,1,,More winter
45,mount-joy-minnie,Mount Joy Minnie,2014,0,,Early spring
45,mount-joy-minnie,Mount Joy Minnie,2015,1,,More winter
45,mount-joy-minnie,Mount Joy Minnie,2016,1,,More winter
45,mount-joy-minnie,Mount Joy Minnie,2017,0,,Early spring
45,mount-joy-minnie,Mount Joy Minnie,2018,1,,More winter
45,mount-joy-minnie,Mount Joy Minnie,2019,1,,More winter
45,mount-joy-minnie,Mount Joy Minnie,2020,1,,More winter
45,mount-joy-minnie,Mount Joy Minnie,2021,0,,Early spring
45,mount-joy-minnie,Mount Joy Minnie,2022,1,,More winter
45,mount-joy-minnie,Mount Joy Minnie,2023,0,,Early spring
45,mount-joy-minnie,Mount Joy Minnie,2024,0,,Early spring
45,mount-joy-minnie,Mount Joy Minnie,2025,1,,More winter
45,mount-joy-minnie,Mount Joy Minnie,2026,0,,Early spring
46,patty-pagoda,Patty Pagoda,2014,1,,More winter
46,patty-pagoda,Patty Pagoda,2015,0,,Early spring
46,patty-pagoda,Patty Pagoda,2016,1,,More winter
46,patty-pagoda,Patty Pagoda,2017,1,,More winter
46,patty-pagoda,Patty Pagoda,2018,0,,Early spring
46,patty-pagoda,Patty Pagoda,2019,0,,Early spring
46,patty-pagoda,Patty Pagoda,2020,1,,More winter
46,patty-pagoda,Patty Pagoda,2021,0,,Early spring
46,patty-pagoda,Patty Pagoda,2022,0,,Early spring
46,patty-pagoda,Patty Pagoda,2023,1,,More winter
46,patty-pagoda,Patty Pagoda,2024,0,,Early spring
46,patty-pagoda,Patty Pagoda,2025,1,,More winter
46,patty-pagoda,Patty Pagoda,2026,1,,More winter
47,polk-county-paula,Polk County Paula,2011,0,,Early spring
47,polk-county-paula,Polk County Paula,2012,1,,More winter
47,polk-county-paula,Polk County Paula,2013,NA,,Uncertain
47,polk-county-paula,Polk County Paula,2014,0,,Early spring
47,polk-county-paula,Polk County Paula,2015,0,,Early spring
47,polk-county-paula,Polk County Paula,2016,NA,,Uncertain
47,polk-county-paula,Polk County Paula,2017,0,,Early spring
47,polk-county-paula,Polk County Paula,2018,0,,Early spring
47,polk-county-paula,Polk County Paula,2019,0,,Early spring
47,polk-county-paula,Polk County Paula,2020,1,,More winter
47,polk-county-paula,Polk County Paula,2021,NA,,Uncertain
47,polk-county-paula,Polk County Paula,2022,0,,Early spring
47,polk-county-paula,Polk County Paula,2023,1,,More winter
47,polk-county-paula,Polk County Paula,2024,0,,Early spring
47,polk-county-paula,Polk County Paula,2025,0,,Early spring
47,polk-county-paula,Polk County Paula,2026,0,,Early spring
48,scramble-the-duck,Scramble the Duck,2015,1,,More winter
48,scramble-the-duck,Scramble the Duck,2016,0,,Early spring
48,scramble-the-duck,Scramble the Duck,2017,1,,More winter
48,scramble-the-duck,Scramble the Duck,2018,1,,More winter
48,scramble-the-duck,Scramble the Duck,2019,1,,More winter
48,scramble-the-duck,Scramble the Duck,2020,1,,More winter
48,scramble-the-duck,Scramble the Duck,2021,1,,More winter
48,scramble-the-duck,Scramble the Duck,2022,1,,More winter
48,scramble-the-duck,Scramble the Duck,2023,1,,More winter
48,scramble-the-duck,Scramble the Duck,2024,0,,Early spring
48,scramble-the-duck,Scramble the Duck,2025,0,,Early spring
48,scramble-the-duck,Scramble the Duck,2026,1,,More winter
49,snerd,Snerd,2015,0,,Early spring
49,snerd,Snerd,2016,0,,Early spring
49,snerd,Snerd,2017,1,,More winter
49,snerd,Snerd,2018,0,,Early spring
49,snerd,Snerd,2019,1,,More winter
49,snerd,Snerd,2020,1,,More winter
49,snerd,Snerd,2021,1,,More winter
49,snerd,Snerd,2022,1,,More winter
49,snerd,Snerd,2023,1,,More winter
49,snerd,Snerd,2024,0,,Early spring
49,snerd,Snerd,2025,0,,Early spring
49,snerd,Snerd,2026,NA,,Uncertain
50,tinicum-tim,Tinicum Tim,2011,0,,Early spring
50,tinicum-tim,Tinicum Tim,2012,1,,More winter
50,tinicum-tim,Tinicum Tim,2013,NA,,Uncertain
50,tinicum-tim,Tinicum Tim,2014,1,,More winter
50,tinicum-tim,Tinicum Tim,2015,1,,More winter
50,tinicum-tim,Tinicum Tim,2016,NA,,Uncertain
50,tinicum-tim,Tinicum Tim,2017,NA,,Uncertain
50,tinicum-tim,Tinicum Tim,2018,1,,More winter
50,tinicum-tim,Tinicum Tim,2019,1,,More winter
50,tinicum-tim,Tinicum Tim,2020,0,,Early spring
50,tinicum-tim,Tinicum Tim,2021,0,,Early spring
50,tinicum-tim,Tinicum Tim,2022,NA,,Uncertain
50,tinicum-tim,Tinicum Tim,2023,0,,Early spring
50,tinicum-tim,Tinicum Tim,2024,0,,Early spring
50,tinicum-tim,Tinicum Tim,2025,1,,More winter
50,tinicum-tim,Tinicum Tim,2026,1,,More winter
51,wildwood-willie,Wildwood Willie,2011,0,,Early spring
51,wildwood-willie,Wildwood Willie,2012,0,,Early spring
51,wildwood-willie,Wildwood Willie,2013,NA,,Uncertain
51,wildwood-willie,Wildwood Willie,2014,NA,,Uncertain
51,wildwood-willie,Wildwood Willie,2015,NA,,Uncertain
51,wildwood-willie,Wildwood Willie,2016,NA,,Uncertain
51,wildwood-willie,Wildwood Willie,2017,1,,More winter
51,wildwood-willie,Wildwood Willie,2018,1,,More winter
51,wildwood-willie,Wildwood Willie,2019,1,,More winter
51,wildwood-willie,Wildwood Willie,2020,1,,More winter
51,wildwood-willie,Wildwood Willie,2021,1,,More winter
51,wildwood-willie,Wildwood Willie,2022,0,,Early spring
51,wildwood-willie,Wildwood Willie,2023,1,,More winter
51,wildwood-willie,Wildwood Willie,2024,0,,Early spring
51,wildwood-willie,Wildwood Willie,2025,0,,Early spring
51,wildwood-willie,Wildwood Willie,2026,0,,Early spring
52,benny-the-bass,Benny the Bass,2015,1,,More winter
52,benny-the-bass,Benny the Bass,2016,1,,More winter
52,benny-the-bass,Benny the Bass,2017,0,,Early spring
52,benny-the-bass,Benny the Bass,2018,1,,More winter
52,benny-the-bass,Benny the Bass,2019,0,,Early spring
52,benny-the-bass,Benny the Bass,2020,1,,More winter
52,benny-the-bass,Benny the Bass,2021,NA,,Uncertain
52,benny-the-bass,Benny the Bass,2022,0,,Early spring
52,benny-the-bass,Benny the Bass,2023,0,,Early spring
52,benny-the-bass,Benny the Bass,2024,0,,Early spring
52,benny-the-bass,Benny the Bass,2025,0,,Early spring
52,benny-the-bass,Benny the Bass,2026,0,,Early spring
53,boise-bill,Boise Bill,2007,1,,More winter
53,boise-bill,Boise Bill,2008,NA,,Uncertain
53,boise-bill,Boise Bill,2009,1,,More winter
53,boise-bill,Boise Bill,2010,1,,More winter
53,boise-bill,Boise Bill,2011,1,,More winter
53,boise-bill,Boise Bill,2012,1,,More winter
53,boise-bill,Boise Bill,2013,1,,More winter
53,boise-bill,Boise Bill,2014,NA,,Uncertain
53,boise-bill,Boise Bill,2015,0,,Early spring
53,boise-bill,Boise Bill,2016,1,,More winter
53,boise-bill,Boise Bill,2017,0,,Early spring
53,boise-bill,Boise Bill,2018,0,,Early spring
53,boise-bill,Boise Bill,2019,NA,,Uncertain
53,boise-bill,Boise Bill,2020,NA,,Uncertain
53,boise-bill,Boise Bill,2021,NA,,Uncertain
53,boise-bill,Boise Bill,2022,NA,,Uncertain
53,boise-bill,Boise Bill,2023,NA,,Uncertain
54,chesapeake-chuck,Chesapeake Chuck,2014,1,,More winter
54,chesapeake-chuck,Chesapeake Chuck,2015,0,,Early spring
54,chesapeake-chuck,Chesapeake Chuck,2016,1,,More winter
54,chesapeake-chuck,Chesapeake Chuck,2017,0,,Early spring
54,chesapeake-chuck,Chesapeake Chuck,2018,1,,More winter
54,chesapeake-chuck,Chesapeake Chuck,2019,NA,,Uncertain
54,chesapeake-chuck,Chesapeake Chuck,2020,0,,Early spring
54,chesapeake-chuck,Chesapeake Chuck,2021,0,,Early spring
54,chesapeake-chuck,Chesapeake Chuck,2022,0,,Early spring
54,chesapeake-chuck,Chesapeake Chuck,2023,0,,Early spring
54,chesapeake-chuck,Chesapeake Chuck,2024,1,,More winter
55,harleysville-hank,Harleysville Hank,2016,1,,More winter
55,harleysville-hank,Harleysville Hank,2017,0,,Early spring
55,harleysville-hank,Harleysville Hank,2018,1,,More winter
55,harleysville-hank,Harleysville Hank,2019,0,,Early spring
55,harleysville-hank,Harleysville Hank,2020,0,,Early spring
55,harleysville-hank,Harleysville Hank,2021,0,,Early spring
55,harleysville-hank,Harleysville Hank,2022,0,,Early spring
55,harleysville-hank,Harleysville Hank,2023,0,,Early spring
55,harleysville-hank,Harleysville Hank,2024,0,,Early spring
55,harleysville-hank,Harleysville Hank,2025,0,,Early spring
55,harleysville-hank,Harleysville Hank,2026,0,,Early spring
56,big-al,Big Al,2017,1,,More winter
56,big-al,Big Al,2018,0,,Early spring
56,big-al,Big Al,2019,1,,More winter
56,big-al,Big Al,2020,0,,Early spring
56,big-al,Big Al,2021,1,,More winter
56,big-al,Big Al,2022,1,,More winter
56,big-al,Big Al,2023,1,,More winter
56,big-al,Big Al,2024,0,,Early spring
56,big-al,Big Al,2025,1,,More winter
57,smith-lake-jake,Smith Lake Jake,2016,0,,Early spring
57,smith-lake-jake,Smith Lake Jake,2017,0,,Early spring
57,smith-lake-jake,Smith Lake Jake,2018,0,,Early spring
57,smith-lake-jake,Smith Lake Jake,2019,1,,More winter
57,smith-lake-jake,Smith Lake Jake,2020,0,,Early spring
57,smith-lake-jake,Smith Lake Jake,2021,0,,Early spring
57,smith-lake-jake,Smith Lake Jake,2022,1,,More winter
57,smith-lake-jake,Smith Lake Jake,2023,NA,,Uncertain
57,smith-lake-jake,Smith Lake Jake,2024,0,,Early spring
57,smith-lake-jake,Smith Lake Jake,2025,0,,Early spring
58,snowy-the-prairie-dog,Snowy the Prairie Dog,2015,0,Snowy DID NOT see her shadow and winter was a no-show during the 2nd half of the season. Accuracy Score: Excellent,Early spring
58,snowy-the-prairie-dog,Snowy the Prairie Dog,2016,0,Snowy DID NOT see her shadow and the 2nd half of winter was mild. Accuracy Score: Excellent,Early spring
58,snowy-the-prairie-dog,Snowy the Prairie Dog,2017,1,Snowy DID see her shadow and winter did indeed continue. Accuracy Score: Excellent,More winter
58,snowy-the-prairie-dog,Snowy the Prairie Dog,2018,0,"Snowy DID NOT see her shadow, but winter weather intensified & persisted into spring. Accuracy Score: Poor",Early spring
58,snowy-the-prairie-dog,Snowy the Prairie Dog,2019,0,"Snowy DID NOT see her shadow, but instead of an early spring, we got snow and Arctic air! Accuracy Score: Very Poor!",Early spring
58,snowy-the-prairie-dog,Snowy the Prairie Dog,2020,1,"Snowy SAW her shadow. A wintry pattern continued, but there were also some nice spring-like days! Her Score: Fair",More winter
58,snowy-the-prairie-dog,Snowy the Prairie Dog,2021,0,Snowy DID NOT see her shadow and an early spring arrived after some brief cold weather. Accuracy Score: Excellent!,Early spring
58,snowy-the-prairie-dog,Snowy the Prairie Dog,2022,1,Snowy DID see her shadow and a mixed bag of wintry weather continued. Accuracy Score: Fair,More winter
58,snowy-the-prairie-dog,Snowy the Prairie Dog,2023,0,Snowy DID NOT see her shadow in contradiction to Punxsutawney Phil’s result... Accuracy Score: Stay tuned!,Early spring
60,charles-winchester,Charles “Chuck” Winchester,2015,1,,More winter
60,charles-winchester,Charles “Chuck” Winchester,2016,NA,,Uncertain
60,charles-winchester,Charles “Chuck” Winchester,2017,1,,More winter
60,charles-winchester,Charles “Chuck” Winchester,2018,0,,Early spring
60,charles-winchester,Charles “Chuck” Winchester,2019,NA,,Uncertain
60,charles-winchester,Charles “Chuck” Winchester,2020,NA,,Uncertain
60,charles-winchester,Charles “Chuck” Winchester,2021,1,,More winter
60,charles-winchester,Charles “Chuck” Winchester,2022,0,,Early spring
60,charles-winchester,Charles “Chuck” Winchester,2023,1,,More winter
60,charles-winchester,Charles “Chuck” Winchester,2024,1,,More winter
60,charles-winchester,Charles “Chuck” Winchester,2025,0,,Early spring
60,charles-winchester,Charles “Chuck” Winchester,2026,0,,Early spring
61,chuck-wood,Chuck Wood,2014,1,,More winter
61,chuck-wood,Chuck Wood,2015,NA,,Uncertain
61,chuck-wood,Chuck Wood,2016,NA,,Uncertain
61,chuck-wood,Chuck Wood,2017,NA,,Uncertain
61,chuck-wood,Chuck Wood,2018,NA,,Uncertain
61,chuck-wood,Chuck Wood,2019,1,,More winter
61,chuck-wood,Chuck Wood,2020,1,,More winter
61,chuck-wood,Chuck Wood,2021,1,,More winter
61,chuck-wood,Chuck Wood,2022,1,,More winter
61,chuck-wood,Chuck Wood,2023,0,,Early spring
61,chuck-wood,Chuck Wood,2024,1,,More winter
61,chuck-wood,Chuck Wood,2025,0,,Early spring
62,concord-casimir,Concord Casimir,2018,1,,More winter
62,concord-casimir,Concord Casimir,2019,0,,Early spring
62,concord-casimir,Concord Casimir,2020,1,,More winter
62,concord-casimir,Concord Casimir,2021,1,,More winter
62,concord-casimir,Concord Casimir,2022,0,,Early spring
62,concord-casimir,Concord Casimir,2023,0,,Early spring
62,concord-casimir,Concord Casimir,2024,1,,More winter
62,concord-casimir,Concord Casimir,2025,1,,More winter
62,concord-casimir,Concord Casimir,2026,1,,More winter
64,athene-the-burrowing-owl,Athene the Burrowing Owl,2019,1,,More winter
64,athene-the-burrowing-owl,Athene the Burrowing Owl,2020,1,,More winter
64,athene-the-burrowing-owl,Athene the Burrowing Owl,2021,0,,Early spring
64,athene-the-burrowing-owl,Athene the Burrowing Owl,2022,1,,More winter
64,athene-the-burrowing-owl,Athene the Burrowing Owl,2023,1,,More winter
64,athene-the-burrowing-owl,Athene the Burrowing Owl,2024,1,,More winter
64,athene-the-burrowing-owl,Athene the Burrowing Owl,2025,0,,Early spring
65,cluxatawney-henrietta,Cluxatawney Henrietta,2019,0,,Early spring
65,cluxatawney-henrietta,Cluxatawney Henrietta,2020,0,,Early spring
65,cluxatawney-henrietta,Cluxatawney Henrietta,2021,0,,Early spring
65,cluxatawney-henrietta,Cluxatawney Henrietta,2022,0,,Early spring
65,cluxatawney-henrietta,Cluxatawney Henrietta,2023,0,,Early spring
65,cluxatawney-henrietta,Cluxatawney Henrietta,2024,0,,Early spring
65,cluxatawney-henrietta,Cluxatawney Henrietta,2025,1,,More winter
65,cluxatawney-henrietta,Cluxatawney Henrietta,2026,NA,,Uncertain
67,mount-gretna-grady,Mount Gretna Grady,2018,0,,Early spring
67,mount-gretna-grady,Mount Gretna Grady,2019,0,,Early spring
67,mount-gretna-grady,Mount Gretna Grady,2020,0,,Early spring
67,mount-gretna-grady,Mount Gretna Grady,2021,NA,,Uncertain
67,mount-gretna-grady,Mount Gretna Grady,2022,0,,Early spring
67,mount-gretna-grady,Mount Gretna Grady,2023,0,,Early spring
67,mount-gretna-grady,Mount Gretna Grady,2024,1,,More winter
67,mount-gretna-grady,Mount Gretna Grady,2025,1,,More winter
67,mount-gretna-grady,Mount Gretna Grady,2026,NA,,Uncertain
68,stumptown-fil,Stumptown Fil,2020,0,,Early spring
68,stumptown-fil,Stumptown Fil,2021,1,,More winter
68,stumptown-fil,Stumptown Fil,2022,0,,Early spring
68,stumptown-fil,Stumptown Fil,2023,1,,More winter
68,stumptown-fil,Stumptown Fil,2024,0,,Early spring
68,stumptown-fil,Stumptown Fil,2025,1,,More winter
68,stumptown-fil,Stumptown Fil,2026,NA,,Uncertain
69,yonah-the-groundhog,Yonah the Groundhog,2020,0,,Early spring
69,yonah-the-groundhog,Yonah the Groundhog,2021,1,,More winter
69,yonah-the-groundhog,Yonah the Groundhog,2022,0,,Early spring
69,yonah-the-groundhog,Yonah the Groundhog,2023,0,,Early spring
69,yonah-the-groundhog,Yonah the Groundhog,2024,0,,Early spring
69,yonah-the-groundhog,Yonah the Groundhog,2025,1,,More winter
69,yonah-the-groundhog,Yonah the Groundhog,2026,0,,Early spring
70,hope-the-groundhog,Hope the Groundhog,2021,1,,More winter
70,hope-the-groundhog,Hope the Groundhog,2022,0,,Early spring
70,hope-the-groundhog,Hope the Groundhog,2023,1,,More winter
70,hope-the-groundhog,Hope the Groundhog,2024,0,,Early spring
70,hope-the-groundhog,Hope the Groundhog,2025,1,,More winter
70,hope-the-groundhog,Hope the Groundhog,2026,0,,Early spring
71,gordy-the-groundhog,Gordy the Groundhog,2019,0,,Early spring
71,gordy-the-groundhog,Gordy the Groundhog,2020,1,,More winter
71,gordy-the-groundhog,Gordy the Groundhog,2021,0,,Early spring
71,gordy-the-groundhog,Gordy the Groundhog,2022,0,,Early spring
71,gordy-the-groundhog,Gordy the Groundhog,2023,1,,More winter
71,gordy-the-groundhog,Gordy the Groundhog,2024,NA,,Uncertain
72,sylvia-the-apex-armadillo,Sylvia the Apex Armadillo,2021,1,,More winter
72,sylvia-the-apex-armadillo,Sylvia the Apex Armadillo,2022,1,,More winter
72,sylvia-the-apex-armadillo,Sylvia the Apex Armadillo,2023,0,,Early spring
72,sylvia-the-apex-armadillo,Sylvia the Apex Armadillo,2024,0,,Early spring
72,sylvia-the-apex-armadillo,Sylvia the Apex Armadillo,2025,0,,Early spring
72,sylvia-the-apex-armadillo,Sylvia the Apex Armadillo,2026,NA,,Uncertain
73,birmingham-jill,Birmingham Jill,2019,1,,More winter
73,birmingham-jill,Birmingham Jill,2020,NA,,Uncertain
73,birmingham-jill,Birmingham Jill,2021,1,,More winter
73,birmingham-jill,Birmingham Jill,2022,NA,,Uncertain
73,birmingham-jill,Birmingham Jill,2023,NA,,Uncertain
73,birmingham-jill,Birmingham Jill,2024,1,,More winter
73,birmingham-jill,Birmingham Jill,2025,0,,Early spring
73,birmingham-jill,Birmingham Jill,2026,1,,More winter
74,mt-parker,MT Parker,2021,0,,Early spring
74,mt-parker,MT Parker,2022,1,,More winter
74,mt-parker,MT Parker,2023,0,,Early spring
74,mt-parker,MT Parker,2024,1,,More winter
74,mt-parker,MT Parker,2025,1,,More winter
74,mt-parker,MT Parker,2026,1,,More winter
76,lady-edwina-of-essex,Lady Edwina of Essex,2022,0,,Early spring
76,lady-edwina-of-essex,Lady Edwina of Essex,2023,1,,More winter
76,lady-edwina-of-essex,Lady Edwina of Essex,2024,0,,Early spring
76,lady-edwina-of-essex,Lady Edwina of Essex,2025,0,,Early spring
76,lady-edwina-of-essex,Lady Edwina of Essex,2026,1,,More winter
78,poppy-the-groundhog,Poppy the Groundhog,2020,0,,Early spring
78,poppy-the-groundhog,Poppy the Groundhog,2021,0,,Early spring
78,poppy-the-groundhog,Poppy the Groundhog,2022,1,,More winter
78,poppy-the-groundhog,Poppy the Groundhog,2023,1,,More winter
79,queen-city-charlie,Queen City Charlie,2022,0,,Early spring
79,queen-city-charlie,Queen City Charlie,2023,0,,Early spring
79,queen-city-charlie,Queen City Charlie,2024,0,,Early spring
79,queen-city-charlie,Queen City Charlie,2025,0,,Early spring
79,queen-city-charlie,Queen City Charlie,2026,1,,More winter
80,unadilla-billie,Unadilla Billie,2022,0,,Early spring
80,unadilla-billie,Unadilla Billie,2023,1,,More winter
80,unadilla-billie,Unadilla Billie,2024,0,,Early spring
80,unadilla-billie,Unadilla Billie,2025,0,,Early spring
80,unadilla-billie,Unadilla Billie,2026,0,,Early spring
81,allen-mcbutterpants,Allen McButterpants,2023,0,,Early spring
81,allen-mcbutterpants,Allen McButterpants,2024,0,,Early spring
81,allen-mcbutterpants,Allen McButterpants,2025,0,,Early spring
82,cedar-the-groundhog,Cedar the Groundhog,2023,0,,Early spring
82,cedar-the-groundhog,Cedar the Groundhog,2024,0,,Early spring
82,cedar-the-groundhog,Cedar the Groundhog,2025,0,,Early spring
82,cedar-the-groundhog,Cedar the Groundhog,2026,0,,Early spring
83,cornelia-the-groundhog,Cornelia the Groundhog,2023,1,,More winter
83,cornelia-the-groundhog,Cornelia the Groundhog,2024,0,,Early spring
83,cornelia-the-groundhog,Cornelia the Groundhog,2025,1,,More winter
84,pisgah-penny,Pisgah Penny,2022,0,,Early spring
84,pisgah-penny,Pisgah Penny,2023,1,,More winter
84,pisgah-penny,Pisgah Penny,2024,1,,More winter
85,walnut-the-hedgehog,Walnut the Hedgehog,2023,1,,More winter
85,walnut-the-hedgehog,Walnut the Hedgehog,2024,0,,Early spring
85,walnut-the-hedgehog,Walnut the Hedgehog,2025,1,,More winter
85,walnut-the-hedgehog,Walnut the Hedgehog,2026,0,,Early spring
86,elliott-the-groundhog,Elliott the Groundhog,2024,0,,Early spring
86,elliott-the-groundhog,Elliott the Groundhog,2025,1,,More winter
87,pisgah-piper,Pisgah Piper,2025,0,,Early spring
87,pisgah-piper,Pisgah Piper,2026,1,,More winter
88,snack-town-steve,Snack Town Steve,2025,0,,Early spring
88,snack-town-steve,Snack Town Steve,2026,1,,More winter
